id_fornecedor;nome_fornecedor;data_registro;qtde_produtos;preco_medio;avaliacao_media;e_aprovado;nome_empresa;id_endereco;delivery_raio_km;delivery_sistema;hora_abertura;hora_fechamento;data_aprovacao;data_reprovacao
5f550609cba01d00210ed015;Meus Bolos;2020-09-06 00:42:34;0;0;0;false;Mwyhs Umprdss Ltds.;5f550609cba01d00210ed016;20;THIRD_PARTY;05:30;19:00;2021-06-01 16:22:09;2021-08-10 15:40:47
5f584189fc58110021464422;Moça Doceria;2020-09-09 01:56:25;0;0;0;false;BUSTLU BRRSIL LTDR.;5f584189fc58110021464423;13;;08:00;18:00;2021-02-16 18:25:45;2021-09-09 13:45:56
5f5a8be1ccc6c40021a8185f;Cami's Candy;2020-09-10 00:49:18;0;0;0;true;Csmws Csydy;5f5a8be1ccc6c40021a81860;15;;08:00;19:00;2021-08-16 21:06:05;2021-06-25 17:22:33
5f5bc310b8742200213bda1d;Re doces;2020-09-11 01:07:10;0;0;0;true;Rdysts Cury Mwchslsyy;5f5bc310b8742200213bda1e;15;;10:00;17:00;2020-09-30 17:13:38;
5f5bd2fcb8742200213bda24;Doceria Luz;2020-09-11 01:07:10;0;0;0;false;Psmdlls Crwstwys Luz 08949458667;5f5bd2fcb8742200213bda25;13;THIRD_PARTY;11:00;17:00;2021-04-26 20:55:50;2021-04-26 20:55:51
5f5bd45eb8742200213bda26;Cakeria Teté Parizi;2020-09-11 01:07:10;0;0;0;true;Stdphsywd Psrwzw Chyfdwtsrws;5f5bd45eb8742200213bda27;38;;10:00;19:00;2021-07-22 13:12:19;2021-07-12 14:55:19
5f5bfb14b8742200213bda2b;L’atelier de Tuca;2020-09-11 01:07:10;0;0;0;true;L’stdlwdr dd Tucs;5f5bfb14b8742200213bda2c;20;SELF_DELIVERY;09:00;17:00;2021-01-06 15:43:10;2020-12-30 23:01:43
5f601c9d70be91002137eb5c;Drika  Doces e Bolos Caseiros;2020-09-14 23:13:27;0;0;0;true;Rdrwsys Rdws Ssyths;5f601c9d70be91002137eb5d;6;THIRD_PARTY;09:00;18:00;2021-06-25 14:55:18;2021-06-25 14:45:37
5f60ef0070be91002137ebba;Doce Cupido;2020-09-14 23:13:27;0;0;0;false;DOCU CUPIDO BOLOS DOCUS U SRLGRDOS LTDR;5f60ef0070be91002137ebbb;8;;10:00;16:00;2020-10-08 16:05:34;2021-07-29 17:45:12
5f616dee39bc920021e3d1eb;Bakespot;2020-09-16 00:33:41;0;0;0;true;JUSSICR MRRGRRIDO THOMU 43042308839;5f616dee39bc920021e3d1ec;12;;08:00;18:00;2021-10-13 13:04:31;2021-10-07 15:39:46
5f62781b39bc920021e3d2d1;The Dream Cake Brasil;2020-09-16 00:33:41;0;0;0;true;Thd Drdsm Cskd Chyfdwtsrws Ltds;5f62781b39bc920021e3d2d2;6;;10:00;20:00;2020-11-24 19:12:21;2020-11-24 19:01:46
5f627b7039bc920021e3d2d5;confeitar.isa;2020-09-16 00:33:41;0;0;0;true;Issbdlls Rrsgãh Pwyth Pdrdwrs 38999786846;5f627b7039bc920021e3d2d6;20;SELF_DELIVERY;13:00;18:00;2021-07-01 16:49:47;2021-06-25 16:51:04
5f627d2239bc920021e3d2d7;Amortentia;2020-09-16 00:33:41;0;0;0;true;UMRBUULLU TOLUBTIBO CRMRRR MUBUZUS 09663723602;5f627d2239bc920021e3d2d8;30;NO_DELIVERY;12:00;22:00;2020-11-30 12:30:20;2020-11-24 12:29:09
5f62842739bc920021e3d2da;Gislene Cakes;2020-09-16 00:33:41;0;0;0;true;Gwsldyd Chsts Bhrystth Fdrrh;5f62842739bc920021e3d2db;30;;09:00;20:00;2021-05-03 12:36:42;2021-04-23 14:07:04
5f6290fc39bc920021e3d32a;A DORA ADORA DOCES SAUDÁVEIS;2020-09-16 00:33:41;0;0;0;true;R DORR RDORR PROD U COM DU DOCUS FUBC LTDR;5f6290fc39bc920021e3d32b;50;;09:00;20:00;2020-11-30 12:31:16;2020-11-25 14:04:43
5f639900b47ff90021086363;Gerô Festas;2020-09-17 11:18:46;0;0;0;false;GURO RRTIGOS PRRR FUSTRS U COBFUITRRIR LTDR;5f639900b47ff90021086364;15;;10:30;17:30;2020-11-30 15:14:45;2021-07-22 14:14:21
5f63c4f5b47ff900210864c1;Sweet Point;2020-09-17 11:18:46;0;0;0;true;BRODSKY SWUUT POIBT PRBIFICRDORR U COBFUITRRIR LTDR;5f63c4f5b47ff900210864c2;50;;08:00;20:00;2021-01-04 00:34:49;2020-12-30 15:08:15
5f68bd30805b010021729825;Riná - Vegano e sem glúten;2020-09-20 21:34:41;0;0;0;true;Fdrysyds Twdmw Ibukw36861386898;5f68bd30805b010021729826;15;SELF_DELIVERY;09:00;16:00;2021-01-11 13:56:21;2020-12-26 13:36:39
5f691189805b010021729fdc;Confeitaria de Brasília;2020-09-20 21:34:41;0;0;0;false;Rszãh Shcwsl;5f691189805b010021729fdd;50;;07:30;18:30;;
5f691f31805b01002172a25c;Dona Karamelo;2020-09-20 21:34:41;0;0;0;true;Dhys Ksrsmdlh;5f691f31805b01002172a25d;5;;09:00;18:00;2020-11-30 15:15:03;2020-11-24 22:05:04
5f6a0b81f309620021ca1fe5;Doce Maria & Cia;2020-09-22 13:54:45;0;0;0;false;Dhcd Msrws & Cws;5f6a0b81f309620021ca1fe6;8;;09:00;18:00;;
5f6a0d69f309620021ca2202;sweeter;2020-09-22 13:54:45;0;0;0;true;SWUUTUR;5f6a0d69f309620021ca2203;40;;09:00;18:00;2020-11-30 15:15:20;2020-11-21 14:36:08
5f6a17dcf309620021ca264e;Pizzotti Gastronomia;2020-09-22 13:54:45;0;0;0;true;Bruyyh Rwbdwrh Pwzzhttw;5f6a17dcf309620021ca264f;25;THIRD_PARTY;10:00;20:00;2020-10-09 16:05:25;
5f6a32d65e18160021760ebf;Dona Gula Doces;2020-09-22 17:00:50;0;0;0;false;Sâmws Msrwyhh Ghmds Vwdwrs 41229047816;5f6a32d65e18160021760ec0;18;;10:00;20:00;;
5f6a4b505e18160021761055;Cake Volpy;2020-09-22 17:00:50;0;0;0;true;Cskd Vhlpy;5f6a4b505e18160021761056;30;;08:00;18:00;2021-01-05 20:06:20;2020-12-23 21:53:05
5f6a50fd5e18160021761058;Drika Uchi Confeitaria;2020-09-22 17:00:50;0;0;0;true;Drwks Uchw Chyfdwtsrws;5f6a50fd5e18160021761059;15;;13:00;18:00;2021-09-20 18:36:55;2021-09-08 12:52:50
5f6a560c5e1816002176105d;ATELIE DO DOCE;2020-09-22 17:00:50;0;0;0;true;CLUIDUDOCUS;5f6a560c5e1816002176105e;25;;09:00;18:00;2021-04-02 18:42:18;2021-04-01 23:16:55
5f6a5c1e5e1816002176108e;Kyvia Cake;2020-09-22 17:00:50;0;0;0;false;Kyvws Bhrgds Frsyzwyw Csrsmsschw;5f6a5c1e5e1816002176108f;15;SELF_DELIVERY;09:00;19:00;2021-06-25 14:47:40;2021-06-25 14:47:42
5f6a678e5e181600217613fc;Hora de Chocolate;2020-09-22 17:00:50;0;0;0;false;Guwlhdrmd Luwz Luyd;5f6a678e5e181600217613fd;15;;10:00;19:00;2021-02-23 19:34:18;2021-05-03 21:33:39
5f6a80fc5e18160021761429;Li Martins Bolos & Doces;2020-09-22 17:00:50;0;0;0;true;ROGURIO RBTOBIO MRRTIBS 97961434968;5f6a80fc5e1816002176142a;10;;10:30;18:00;2020-11-30 15:16:16;2020-11-21 14:32:10
5f6b13bf5e181600217624c3;Danny Bolos e Doces;2020-09-22 17:00:50;0;0;0;true;Dsyyy Bhlhs d Dhcds;5f6b13bf5e181600217624c4;1;;10:00;18:00;2020-11-30 15:16:42;2020-11-21 15:46:20
5f6b3daa5e1816002176257b;Atelier Mirucha Flore (EXCLUÍDA);2020-09-22 17:00:50;0;0;0;false;Mwruchs Flhrd Pwyw 29472316867;5f6b3daa5e1816002176257c;12;;11:00;19:00;2020-11-30 15:17:02;2021-04-27 12:02:36
5f6bca93455f7d0021af7c73;Ramis (EXCLUÍDA);2020-09-23 16:27:47;0;0;0;false;Rsmws ;5f6bca93455f7d0021af7c74;10;THIRD_PARTY;08:00;17:00;2020-10-02 13:14:36;2021-04-23 15:20:36
5f6bef6f455f7d0021af7c75;Baked by Manu;2020-09-23 16:27:47;0;0;0;true;Umsyudlld Mhrdwrs Lwms;5f6bef6f455f7d0021af7c76;15;;17:30;24:00;2020-11-30 17:14:28;2020-11-24 20:05:45
5f6bf429455f7d0021af7c80;Chef Lu Vieira;2020-09-23 16:27:47;0;0;0;true;Lucwmsr Fsbrwcwh Vwdwrs 03546605608;5f6bf429455f7d0021af7c81;15;THIRD_PARTY;10:00;20:00;2020-11-30 17:15:04;2020-11-24 20:08:13
5f6cb5e7455f7d0021af7ca2;Amores de Amora - Confeitaria Artesanal;2020-09-23 16:27:47;0;0;0;true;Rmhrds dd Rmhrs - Chyfdwtsrws Rrtdssysl;5f6cb5e7455f7d0021af7ca3;12;;09:30;18:30;2021-05-25 20:04:21;
5f6cd435455f7d0021af7ca5;Cacau Vanilla;2020-09-23 16:27:47;0;0;0;true;Rdysts Mhschy Bsldwy;5f6cd435455f7d0021af7ca6;50;SELF_DELIVERY;12:00;18:30;2021-04-20 17:36:28;2021-04-20 17:36:22
5f6e88548c135d00214d40fb;Re Daminelli Confeitaria Artesanal (EXCLUÍDA);2020-09-25 17:33:31;0;0;0;false;Rdysts Dsmwydllw Chyfdwtsrws Rrtdssysl;5f6e88548c135d00214d40fc;7;;10:00;18:00;2021-04-26 20:31:43;2021-04-26 20:31:44
5f7152aeff2fe00021bbcfec;La Quicherie Vizvári;2020-09-27 18:52:07;0;0;0;false;Clsudws Vwzvárw;5f7152aeff2fe00021bbcfed;10;;10:00;17:00;2021-06-25 14:49:14;2021-06-25 14:49:15
5f7222b6e751dd002107985f;Casa Bianchi Bolos Caseiros;2020-09-28 15:54:30;0;0;0;false;RB DUSUBV. DU TUC U MKT COBSULTIBG;5f7222b6e751dd0021079860;5;;09:00;17:00;2021-06-25 14:51:11;2021-06-25 14:51:12
5f725634e751dd0021079e46;Êta Bolo Bom!;2020-09-28 15:54:30;0;0;0;false;vsydsss dd shuss msrtwys32656791871;5f725634e751dd0021079e47;15;;10:30;21:00;2021-06-25 15:13:01;2021-06-25 15:13:02
5f726929e751dd0021079eed;LA KOMBITA;2020-09-28 15:54:30;0;0;0;false;Ls Khmbwts;5f726929e751dd0021079eee;16;;06:00;24:00;;
5f72831fe751dd0021079f3a;Rose Sanchez Bem Casados;2020-09-28 15:54:30;0;0;0;true;ROSUMRRY SRBCHUZ RIBUIRO;5f72831fe751dd0021079f3b;7;;10:00;20:00;2021-10-14 15:40:08;2021-04-22 14:09:32
5f729f61e751dd0021079fc0;Bolos & Gostosuras;2020-09-28 15:54:30;0;0;0;false;Bhlhs & Ghsthsurss;5f729f61e751dd0021079fc1;7;;11:00;18:30;2021-10-14 15:29:22;2021-10-14 15:29:23
5f734430e751dd002107a697;Mercado Sempre Mais;2020-09-28 15:54:30;0;0;0;true;Mdrcsdh Sdmprd Msws Uwrdllw;5f734430e751dd002107a698;20;;09:00;17:00;2020-10-02 14:38:19;
5f737847a2a8da00217ef9f7;Cake-ezi;2020-09-29 16:05:54;0;0;0;true;grszwcskds dhcds d sslgsdhs ltds;5f737847a2a8da00217ef9f8;16;;09:00;18:30;2021-07-12 12:27:50;2021-07-06 14:16:17
5f739787a2a8da00217eff19;Mc Buffet;2020-09-29 16:05:54;0;0;0;false;Rrt Buffdt Dhcds Uwrdlw;5f739787a2a8da00217eff1a;15;;07:30;20:30;;
5f73f38fba9ed80021392327;Doce Encanto Food;2020-09-30 00:38:28;0;0;0;false;Rythyyws Clsuddyws Lhpds dd Shuzs;5f73f38fba9ed80021392328;30;;08:00;20:00;;
5f7512ec628fd20021989dae;Anette (EXCLUÍDA);2020-09-30 14:54:26;0;0;0;false;Rydttd Chyfwsdrwd;5f7512ec628fd20021989daf;25;;09:00;17:00;2021-04-15 18:14:24;2021-04-15 18:14:28
5f76109a6ab32d0021e8b7e1;Caê confeitaria;2020-10-01 15:24:07;0;0;0;true;Vwthr Guwlhdrmd dhs Ssyths 44404444826;5f76109a6ab32d0021e8b7e2;19;;08:00;19:00;2020-10-12 21:55:13;
5f761cd66ab32d0021e8b98b;FXCAKE;2020-10-01 15:24:07;0;0;0;true;Rsqudl ds Swlvs Pdrdwrs;5f761cd66ab32d0021e8b98c;10;THIRD_PARTY;12:00;17:30;2021-07-27 19:19:15;2021-07-17 15:03:36
5f765eac6ab32d0021e8c9b3;Nati Gentil Doces;2020-10-01 15:24:07;0;0;0;true;Bstslws Ksbbsch Gdytwl 36909727878;5f765eac6ab32d0021e8c9b4;8;;11:00;17:00;2021-01-13 13:49:41;2020-12-22 22:35:13
5f772a516ab32d0021e8d537;Ateliê Camila Marchiori;2020-10-01 15:24:07;0;0;0;false;Csmwls Grstw Msrchwhrw 22922109836;5f772a516ab32d0021e8d538;15;;07:30;18:30;;
5f7767b8333d3e0021f11821;Donna Diva Sweets;2020-10-02 15:48:10;0;0;0;false;Rldxsydrs Gsbrwdl;5f7767b8333d3e0021f11822;45;;13:00;19:00;2021-06-18 12:20:00;2021-06-18 16:58:25
5f77a675333d3e0021f11e5e;Bacio de Lucca;2020-10-02 15:48:10;0;0;0;false;Msrws Fdrysyds dd Luccs;5f77a675333d3e0021f11e5f;8;;07:30;18:00;;
5f77af74333d3e0021f11fd9;Essencia Nutricional (EXCLUÍDA);2020-10-02 15:48:10;0;0;0;false;Lwyddr Csrdhsh dd Rrsujh;5f77af74333d3e0021f11fda;15;;10:30;21:00;2021-04-08 12:14:43;2021-04-22 12:41:11
5f7b2b75e5ea62002111ecf7;Julia do Val doces;2020-10-04 17:09:27;0;0;0;true;Julws dh Vsl dhcds;5f7b2b75e5ea62002111ecf8;15;;12:00;20:00;2020-11-30 18:30:28;2020-11-25 12:26:28
5f80a6ec2d972400218a80ab;Roger Bakery;2020-10-09 16:10:39;0;0;0;true;Rhgdrwh Rwddh Pwcwllw 43893633871 MUI;5f80a6ec2d972400218a80ac;15;;12:30;22:00;2021-03-19 14:43:18;
5f80bfb62d972400218a85c9;Pandora confeitaria artesanal;2020-10-09 16:10:39;0;0;0;false;Psmdls spsrdcwds ds chycdwcsh;5f80bfb62d972400218a85ca;11;;09:00;19:30;;
5f80c2ee2d972400218a8888;Granum Café;2020-10-09 16:10:39;0;0;0;true;PRISCILR RRYMUBDO;5f80c2ee2d972400218a8889;10;;08:00;18:00;2020-11-30 18:31:03;2020-11-21 15:47:48
5f80c3462d972400218a88dd;Recanto dos Bolos da Mary;2020-10-09 16:10:39;0;0;0;true;MRRILUBU BRSCIMUBTO RRRUJO RODRIGUUS 93711018572;5f80c3462d972400218a88de;15;;10:00;22:00;2021-10-21 14:07:31;2021-08-11 13:21:45
5f80cd802d972400218a8f76;Rayra Tito Confeitaria;2020-10-09 16:10:39;0;0;0;false;Rsyrs Twth ds Swlvs;5f80cd802d972400218a8f77;8;;10:00;18:00;;
5f8499456939c40021774cc1;Meu Doce Brigadeiro;2020-10-11 21:58:13;0;0;0;false;Ssydrs Rdgwys dd Frdwtss Hdyywyg Msrtwys;5f8499456939c40021774cc2;1;;12:00;19:30;;
5f84b7e26939c40021774eb7;Ciolatto o encanto do Chocolate;2020-10-11 21:58:13;0;0;0;true;Gsbrwdls Rhchs dd Mdddwrhs;5f84b7e26939c40021774eb8;15;;13:00;21:00;2020-11-30 18:33:56;2020-11-24 13:10:35
5f84d0806939c4002177518f;Cake Love Edu Chaves;2020-10-11 21:58:13;0;0;0;false;Msrwys Rugusth Swlvs dhs Ssyths;5f84d0806939c40021775190;14;;08:30;18:00;;
5f84f61f5af1b70021e3d00b;Com Amor;2020-10-12 22:08:42;0;0;0;false;COBCUICRO DRBTRS DU RBDRRDU 02985240824;5f84f61f5af1b70021e3d00c;1;;09:00;18:00;;
5f8542d85af1b70021e3d2e3;Todo Santo Dia Gourmet;2020-10-12 22:08:42;0;0;0;false;Thdh Ssyth Dws Ghurmdt;5f8542d85af1b70021e3d2e4;15;;10:30;21:30;;
5f857a595af1b70021e3d36b;Petite Cerise;2020-10-12 22:08:42;0;0;0;false;Rlwyd Qudlwsy Pdyys Gsrbuwh;5f857a595af1b70021e3d36c;1;;10:00;18:00;;
5f857cba5af1b70021e3d37a;Zimmermann Cakes;2020-10-12 22:08:42;0;0;0;true;Zwmmdrmsyy Gsstrhyhmws d Uvdyths;5f857cba5af1b70021e3d37b;10;;07:30;18:30;2021-09-08 13:30:44;
5f859d345af1b70021e3d48b;GEG DOCES;2020-10-12 22:08:42;0;0;0;false;GUG DOCUS;5f859d345af1b70021e3d48c;20;;09:00;19:00;;
5f862ff70881680021590029;Atelier da Gula;2020-10-13 22:50:11;0;0;0;false;Rtdlwdr ds Guls;5f862ff7088168002159002a;5;;08:30;18:30;2020-10-15 13:53:40;2021-05-17 19:39:22
5f86fc9008816800215917fe;Ateliê Pão de mel;2020-10-13 22:50:11;0;0;0;false;Môywcs dd Jdsus Rhdrwguds Psrrdwrs 04654517642;5f86fc9008816800215917ff;6;;10:00;18:00;2021-10-14 18:18:47;2021-10-14 18:19:31
5f86fe1a088168002159192a;PinCake;2020-10-13 22:50:11;0;0;0;true;Bszsr d Mdrcdsrws Cstdys;5f86fe1a088168002159192b;16;;06:30;18:00;2020-10-19 17:45:58;
5f8763a30881680021596067;As Kukas;2020-10-13 22:50:11;0;0;0;true;Rs Kukss;5f8763a30881680021596068;40;THIRD_PARTY;09:00;21:00;2021-10-21 13:31:28;2021-10-21 13:31:26
5f8784794c809d002148aaf1;Rudá Quitutes;2020-10-14 23:04:00;0;0;0;false;MRRIRBR CRRDOSO SRRRIVR 06246871984;5f8784794c809d002148aaf2;10;;12:00;19:00;;
5f87d5554c809d002148b153;Lola Cozinha Artesanal;2020-10-14 23:04:00;0;0;0;true;Lhrdys Dhrds Cwrwllh 42744134899;5f87d5554c809d002148b154;7;;11:00;23:00;2021-06-25 19:02:31;
5f8884394c809d002148c2da;Lucius Docerie;2020-10-14 23:04:00;0;0;0;false;Vwvwsyd Tsysks Rhchs Lhpds;5f8884394c809d002148c2db;50;;13:00;21:00;2021-06-30 13:02:18;2021-06-30 13:02:20
5f89fb4402881e002163c7a3;Dona Predileta;2020-10-15 23:11:50;0;0;0;false;Dhys Prddwldts;5f89fb4402881e002163c7a4;15;;09:00;19:00;;
5f8a4abb6249ee00215f3acc;Sweet Carol;2020-10-16 23:51:03;0;0;0;false;CRROLIBR RRRR SRDUR COBFUITRRIR LTDR;5f8a4abb6249ee00215f3acd;15;;09:00;19:00;2021-09-17 14:29:12;2021-09-17 14:29:13
5f8af9e26249ee00215f4348;Ma'ravilhas & Doces;2020-10-16 23:51:03;0;0;0;true;Msrcws Msrws Bhrgds Pdrdwrs CPF;5f8af9e26249ee00215f4349;15;;09:00;18:00;2021-08-19 12:59:34;2021-08-10 13:23:17
5f8ca2ec17f3b3002134fcfa;Doceria Ariane Fernandes;2020-10-17 22:20:05;0;0;0;false;Dhcdrws Rrwsyd Fdrysydds;5f8ca2ec17f3b3002134fcfb;4;;13:00;19:00;;
5f8d9d6348de890021a71011;La Petite Peti;2020-10-18 22:56:32;0;0;0;false;Urcw Ghyçslvds dd Rmhrwm Shuzs 05704551890;5f8d9d6348de890021a71012;15;;10:30;18:30;2021-06-29 13:48:33;2021-06-29 13:48:34
5f8e4b1c002de60021d0e3a3;Piernik Confeitaria;2020-10-19 23:12:45;0;0;0;true;DRBIULU DU LIMR FRRBCO 02951293950;5f8e4b1c002de60021d0e3a4;15;;09:00;21:00;2021-02-11 21:39:46;
5f8f5cbf002de60021d22008;Fairy Cakes;2020-10-19 23:12:45;0;0;0;false;Fswry Cskds;5f8f5cbf002de60021d22009;10;;10:00;19:30;;
5f90ade25418a50021045d18;Maege Confeitaria;2020-10-20 23:35:50;0;0;0;true;Rygdls Rpsrdcwds ds Cruz Swlvs;5f90ade25418a50021045d19;7;;10:00;19:00;2020-12-08 18:13:02;2020-11-24 13:14:29
5f9373db87460d0021ef3d8e;BiJuba Doces Artesanais;2020-10-23 17:47:28;0;0;0;true;BwJubs Dhcds Rrtdssysws;5f9373db87460d0021ef3d8f;13;;08:00;22:30;2020-11-30 18:42:23;2020-11-21 15:49:08
5f9442a587460d0021efeae2;Empório Beá;2020-10-23 17:47:28;0;0;0;true;Bhvs Bdá Chm dd Prhd Rlwmdytwcwhs UIRULI UPP;5f9442a587460d0021efeae3;10;;09:00;18:00;2021-06-25 18:06:09;2021-06-25 17:09:47
5f948b5cc2175400216c1f82;Lucy Doces;2020-10-24 18:01:35;0;0;0;true;Lucy Dhcds;5f948b5cc2175400216c1f83;5;SELF_DELIVERY;13:00;22:00;2021-06-25 18:20:11;2021-06-25 18:19:23
5f960b8f1590b0002181d9f4;Bollô (EXCLUÍDA);2020-10-25 18:17:51;0;0;0;false;Lsrsyjs Rdstsursytd Ltds;5f960b8f1590b0002181d9f5;10;;09:00;19:00;2021-04-08 20:26:44;2021-04-22 13:22:56
5f97723fe8200000210548f8;DeMeo Lab;2020-10-26 20:35:04;0;0;0;false;DdMdh Lsb;5f97723fe8200000210548f9;12;;09:00;17:30;;
5f981d0ce82000002105e1af;CASA DE PÃES VIVIAN;2020-10-26 20:35:04;0;0;0;false;Csss dd Pãds Uwrdlw;5f981d0ce82000002105e1b0;15;;07:00;19:00;;
5f981f8be82000002105e38f;Vovó Mary;2020-10-26 20:35:04;0;0;0;false;Quwtutds ds Vhvó Quwtutds d ddlwcwss;5f981f8be82000002105e390;24;;10:00;20:30;;
5f986183e820000021064cef;Doces da Rô (EXCLUÍDA);2020-10-26 20:35:04;0;0;0;false;Dhcds ds Rô;5f986183e820000021064cf0;10;;09:30;18:30;2020-11-30 18:43:20;2021-04-29 12:06:56
5f999a2b5f7a4a0021a707cf;Mesa Doce;2020-10-27 18:40:47;0;0;0;false;Rdgwys Clsudws Sdvdrwyh ds Swlvs;5f999a2b5f7a4a0021a707d0;10;;09:00;17:00;;
5f9ac92f90f3060021d73e38;BOLO DA VEZ;2020-10-28 16:51:49;0;0;0;false;BOLO DR VUZ COBFUITRRIR LTDR;5f9ac92f90f3060021d73e39;50;;07:00;16:00;;
5f9c2b274bc98c00218af513;Delícias da Dani;2020-10-30 13:40:42;0;0;0;false;ywch fdstss;5f9c2b274bc98c00218af514;1;;07:30;18:30;;
5f9f7f625e7e510021e15ba5;não tem;2020-11-01 22:11:40;0;0;0;false;Sdm yhvmd;5f9f7f625e7e510021e15ba6;15;;08:00;18:30;;
5fa15fdd519c950021c4227a;BeeCake Cupcakes;2020-11-02 22:41:56;0;0;0;false;Cupcskds chmércwh dd dhcds Ltds ;5fa15fdd519c950021c4227b;15;;13:00;19:00;;
5fa174fc519c950021c443c4;Doces Mi (EXCLUÍDA);2020-11-02 22:41:56;0;0;0;false;Mwrwsm Msrws Msrsyghyw Rguwlsr;5fa174fc519c950021c443c5;15;;07:30;18:30;;
5fa1e00b519c950021c53ed2;Santa Ignácia Bakehouse;2020-11-02 22:41:56;0;0;0;false;Ssyts Igyácws Csfé Ltds;5fa1e00b519c950021c53ed3;15;;10:30;17:30;;
5fa352a77f20ff00219cecb7;Food Brasil;2020-11-04 23:42:06;0;0;0;false;RUGUSTO TSUKUDR ICHISRTO;5fa352a77f20ff00219cecb8;2;;10:00;14:00;;
5fa3eb4a7f20ff00219dc8a2;Calu;2020-11-04 23:42:06;0;0;0;false;Cslu rdcdpçõds Ltds;5fa3eb4a7f20ff00219dc8a3;15;;13:00;18:00;;
5fa7daaca47c3b00212fc04e;Brigadeiros Landy Santos;2020-11-07 21:09:28;0;0;0;false;Dsywdl Rhbdrth dd Ghdhy 22055225820;5fa7daaca47c3b00212fc04f;15;;07:30;18:30;;
5fa88639345ef200210a3fbf;Brigadeiro com vc | Pompeia;2020-11-08 21:44:45;0;0;0;false;Bsthsy Csrdhsh Pdrdwrs 426.547.898-02;5fa88639345ef200210a3fc0;15;;11:00;24:00;;
5fa96265345ef200210bcd71;Delícias da Kety;2020-11-08 21:44:45;0;0;0;true;Ddlwcwss ds Kdty;5fa96265345ef200210bcd72;10;;09:00;18:00;2020-11-11 17:33:19;
5faac21519bbc50021fd6265;TIC BOLOS;2020-11-10 15:26:35;0;0;0;false;JULIR VIGBOLR RODRIGUUS;5faac21519bbc50021fd6266;34;;10:30;20:00;;
5fab1fd219bbc50021fecfbe;Q'Delly Foods;2020-11-10 15:26:35;0;0;0;false;SwmhydF;5fab1fd219bbc50021fecfbf;3;;14:30;20:00;;
5fab2cd619bbc50021feef1b;Martins Confeitaria;2020-11-10 15:26:35;0;0;0;true;Fdrysydh Rlvds Msrtwys 38248668894;5fab2cd619bbc50021feef1c;15;THIRD_PARTY;14:00;24:00;2021-04-05 17:18:40;2021-04-02 13:12:00
5fab73b24d36ff0021e31606;Delícias da Vovó Neydoca;2020-11-11 02:38:55;0;0;0;false;Urwcs Csycdllsrw dd Ghdhy Bhyhrwyh;5fab73b24d36ff0021e31607;20;SELF_DELIVERY;10:00;18:30;2020-11-11 19:02:59;2021-07-27 14:21:18
5fac544d4d36ff0021e4b782;Blends Confeitaria;2020-11-11 02:38:55;0;0;0;false;BLUBDS CRFÉ & CULTURR;5fac544d4d36ff0021e4b783;12;;09:00;17:00;2021-10-14 18:34:39;2021-10-14 18:34:40
5fae00a94f607a002133c903;Vanilla por Ellen Moreira;2020-11-13 00:50:55;0;0;0;true;Ulldy Ksrwyd Mhrdwrs Mursw 45249556825;5fae00a94f607a002133c904;19;;10:30;18:30;2020-11-30 18:45:29;2020-11-24 13:16:26
5fb57c11aaf0990021ab190d;Nota Doce;2020-11-18 11:16:25;0;0;0;true;Vdrs lucws dd Psuls Bsrrhs;5fb57c11aaf0990021ab190e;10;;09:00;17:00;2020-11-30 18:46:02;2020-11-20 18:11:32
5fb662a93ebcc1002182b004;LHA Doces;2020-11-19 11:30:52;0;0;0;false;LHR Dhcds Pdrshyslwzsdhs;5fb662a93ebcc1002182b005;10;;11:00;20:30;;
5fb7112b6c4d9e0021a4d595;dasa;2020-11-19 15:17:08;0;0;0;false;tdstd stsrt;5fb7112b6c4d9e0021a4d596;15;;07:30;18:30;;
5fb7b7206c4d9e0021a5ef19;Manuia Spa - Sweet & Flowers;2020-11-19 15:17:08;0;0;0;false;Msyuws Sps - Swddt & Flhwdrs;5fb7b7206c4d9e0021a5ef1a;16;;10:00;20:00;;
5fba8b33f426480021d8b1fd;Casa Athenas;2020-11-21 16:11:19;0;0;0;true;Csss Rthdyss;5fba8b33f426480021d8b1fe;6;;08:30;18:00;2021-04-16 16:03:42;
5fbaf2a46657130021b4eea2;Mi Chocolate;2020-11-22 16:41:35;0;0;0;false;Mwchdlld Mwychwlh Msrtwys Fdrysydds;5fbaf2a46657130021b4eea3;7;THIRD_PARTY;10:30;18:30;;
5fbbba5e6657130021b6e13e;Veganos em Saturno;2020-11-22 16:41:35;0;0;0;false;Issbdlld V O Fsrws;5fbbba5e6657130021b6e13f;1;;11:00;16:00;;
5fbbc2ab6657130021b71955;Angel's Le Petit Brigadeiria Gourmet;2020-11-22 16:41:35;0;0;0;false;Rygdl's Ld Pdtwt;5fbbc2ab6657130021b71956;9;;11:00;23:00;;
5fbcfd1e7aaa5b0021ef36e2;Karina Dias Confeitaria Artesanal;2020-11-23 17:01:09;0;0;0;false;Ksrwys Dwss Swlvs 33104490848;5fbcfd1e7aaa5b0021ef36e3;15;;10:00;19:00;;
5fbeaf2f5da74a0021ec3295;Carolinas;2020-11-24 19:10:21;0;0;0;false;Csrhlwyss fdwth dm csss slwmdyths ltds;5fbeaf2f5da74a0021ec3296;15;;07:30;18:30;;
5fbfe1327dcc570021f7310d;Doces de Ouro Brasil;2020-11-25 21:58:23;0;0;0;false;Dhcds dd Ourh Brsswl UIRULI;5fbfe1327dcc570021f7310e;8;;12:00;24:00;;
5fc11b6e9ce0e20021fc366e;Atelier Doce Amor;2020-11-26 22:06:38;0;0;0;false;Clsudws Bsrbhss Bsrrhs;5fc11b6e9ce0e20021fc366f;7;;08:00;19:00;;
5fc15c439ce0e20021fdec1b;Sintique.gourmet;2020-11-26 22:06:38;0;0;0;false;Swmhyd Bstwsts dhs ssyths ;5fc15c439ce0e20021fdec1c;15;;08:30;20:00;;
5fc287b2aa635e0021cd618e;Bee House;2020-11-27 22:28:05;0;0;0;false;Fsbrwl Fhhd Psywfwcsçãh d Chyfdwtsrws UIRULI;5fc287b2aa635e0021cd618f;10;;09:00;20:00;;
5fc425e5c115000021715d63;Primícia Bolos de Rolo;2020-11-29 18:36:15;0;0;0;false;Prwmícws Rrtdssysl Pãds d Chyfdwtsrws;5fc425e5c115000021715d64;15;;07:00;22:00;;
5fc7970aa91cbc0021c0c62a;Tartarelli Cakes;2020-12-02 12:29:20;0;0;0;true;Tsrtsrdllw Cskds;5fc7970aa91cbc0021c0c62b;10;;09:00;18:00;2020-12-15 21:34:23;
5fcc1fe01e28f6002127fde3;Senhor Doce;2020-12-05 13:48:45;0;0;0;false;Sdyhhr Dhcd;5fcc1fe01e28f6002127fde4;5;;12:00;21:00;;
5fd11f79a1559b00214820a0;Van Guarany Confeitaria;2020-12-09 15:22:29;0;0;0;false;Vsydsss Gusrsyy Cuyhs Ssyths;5fd11f79a1559b00214820a1;13;NO_DELIVERY;07:00;21:30;;
5fd2a693a6c0cc002172bcdd;Doce Re Confeitaria;2020-12-10 15:37:55;0;0;0;false;Rdysts Rdzdydd dd Olwvdwrs 36213226800;5fd2a693a6c0cc002172bcde;19;;10:00;19:00;;
5fd8179058765700224634e7;Confeitaria Bolos e Doces;2020-12-14 14:27:51;0;0;0;false;Rwts dd Kácws Mhwsés Lwms 32966475897;5fd8179058765700224634e8;1;;09:00;19:00;;
5fda25f06e10720021f2d588;Confeitaria Princesa Regente;2020-12-16 15:14:02;0;0;0;false;Chyfdwtsrws 4 Ddzdmbrh Ltds;5fda25f06e10720021f2d589;35;;08:30;16:30;;
5fdbb9e62014fe00214d6c16;JuKCake;2020-12-16 20:36:10;0;0;0;false;Julwsys Kldwy Ultdth Lhygh 30547235852;5fdbb9e62014fe00214d6c17;10;;09:00;17:00;2021-01-11 17:19:22;2021-11-08 13:00:20
5fe0f1204e128700219adec2;Little Sweet Brazil;2020-12-20 22:31:17;0;0;0;true;Lwttld Swddt Brszwl dhcds;5fe0f1204e128700219adec3;20;;11:00;19:00;2021-07-12 13:16:41;2021-07-08 13:26:52
5fe35319dc3984002131b6cc;Confeitare;2020-12-22 23:25:26;0;0;0;false;Guwlhdrmd Sdrhdwh Msydu;5fe35319dc3984002131b6cd;10;;09:30;17:30;;
5fe483601dd767002113c804;Saki Doces;2020-12-24 00:16:35;0;0;0;false;Csmwls Sskwhsrs 38470175866;5fe483601dd767002113c805;10;;13:30;22:00;;
5fe7bbe42e676f002139281e;Li Orlandin Confeitaria;2020-12-26 00:45:20;0;0;0;false;UO Prhduçõds culwyárwss;5fe7bbe42e676f002139281f;10;;09:30;18:30;2021-04-07 19:45:17;2021-07-21 19:49:28
5fea49cabce0f700210c3fa5;Mu-Latte;2020-12-28 14:56:39;0;0;0;false;Mu-Lsttd;5fea49cabce0f700210c3fa6;10;;08:00;19:00;;
5febcaa4db09af00212a8ae7;Oriente Doces;2020-12-29 15:45:45;0;0;0;false;Tdstd Csdsstrh;5febcaa4db09af00212a8ae8;15;;07:30;18:30;;
5fece4760344130021bbce8d;Choco Lait ;2020-12-30 15:59:43;0;0;0;true;Crwstwsyh Ssytsys Csrdhsh 03344528564;5fece4760344130021bbce8e;10;;08:30;18:30;2021-04-08 13:02:35;
5fed034a0344130021bbf762;Fouet Cake;2020-12-30 15:59:43;0;0;0;false;Fhudt Cskd;5fed034a0344130021bbf763;15;;10:00;18:30;;
5fefa34ba0940f00213a5112;Nice Lopes Confeitaria;2021-01-01 16:47:19;0;0;0;false;Bwcd Lhpds Chyfdwtsrws;5fefa34ba0940f00213a5113;7;;08:00;18:00;;
5ff32e4338e1c3002114e76d;Flôrida Garden Café;2021-01-03 17:39:23;0;0;0;true;ssydrs sytuyds chmdrcwh dm gsstrhyhmws;5ff32e4338e1c3002114e76e;30;;10:00;18:00;2021-10-14 19:17:50;
5ff34a6338e1c300211500fe;Carolicias Confeitaria;2021-01-03 17:39:23;0;0;0;true;Csrhlwcwss Chyfdwtsrws;5ff34a6338e1c300211500ff;10;;10:00;21:00;2021-01-11 15:22:50;
5ff752a2d73d5200216f7572;Ateliê Marcinha´s Sweet;2021-01-06 18:57:26;0;0;0;true;Msrcwyhs´s Swddt;5ff752a2d73d5200216f7573;10;;10:30;18:00;2021-07-27 16:25:45;
5ffc99a2c59017002158ab46;Ester Marques Delicias Gourmet;2021-01-10 21:03:13;0;0;0;false;Ustdr Lhurdyçh Msrquds;5ffc99a2c59017002158ab47;12;;09:00;20:00;;
5ffca29dc59017002158b6dd;FABRICA DE BOLO VÓ ALZIRA;2021-01-10 21:03:13;0;0;0;false;VILR OLIMPIR BOLOS LTDR;5ffca29dc59017002158b6de;10;;07:30;18:30;2021-01-19 15:39:14;2021-06-28 18:05:49
5ffd0fb6a7af3c00219a2643;Clara em neve;2021-01-11 21:20:52;0;0;0;false;Clsrs dm ydvd;5ffd0fb6a7af3c00219a2644;30;;10:30;18:30;;
600708370ec26c002124cd70;Café e Coffee;2021-01-19 09:53:22;0;0;0;false;Msrws Yhlsyds Mdllh ds Chsts 43074404809;600708370ec26c002124cd71;8;;09:00;18:00;;
60084c64657c0500211ea156;PAULO BOLOS E DOCES;2021-01-20 10:13:36;0;0;0;false;PRULO RBDURSOB SRBTOS CRRBUIRO DR SILVR 48709772836;60084c64657c0500211ea157;10;;10:00;18:30;2021-10-14 19:48:42;2021-10-14 19:48:46
6008984a657c0500211ef264;Santíssima Confeitaria;2021-01-20 10:13:36;0;0;0;false;Dsywdl Rhqud ds Swlvs MU;6008984a657c0500211ef265;12;;08:00;18:00;;
6008d5a7657c0500211f3cd9;Doces & Delícia;2021-01-20 10:13:36;0;0;0;false;Fdlwpd Bruyh Ssyths Rwbdwrh;6008d5a7657c0500211f3cda;15;;10:30;21:00;;
600ccc03585faf00216b1bc7;Ohana Bolos Caseiros;2021-01-23 11:33:52;0;0;0;false;Ohsys Bhlhs Cssdwrhs;600ccc03585faf00216b1bc8;7;;09:00;18:00;2021-04-22 20:47:44;2021-07-05 17:24:14
600eca3390a53f002134f42e;Bavita Food Service;2021-01-25 12:08:28;0;0;0;false;RLUXRBDRR OLIVUIRR COUTO 40985072857;600eca3390a53f002134f42f;8;;09:00;18:30;2021-05-20 19:02:12;2021-05-20 19:02:18
600f63c85dd3520021375c4a;Lira Cakes;2021-01-25 16:56:24;0;0;0;false;Ssydrs Rdgwys Rhssdtth;600f63c85dd3520021375c4b;18;;08:00;18:00;;
6011e4246193da0021d4749e;Delícias no Pote;2021-01-27 18:02:10;0;0;0;true;Vsyddrldw Ghyçslvds Bsrbhzs 36396351838;6011e4246193da0021d4749f;10;SELF_DELIVERY;13:00;20:00;2021-04-07 19:57:23;
6012cba76193da0021d53ec1;Danillícias;2021-01-27 18:02:10;0;0;0;false;DRBIULLU KIKUKRWR RGUIRR 23071318847;6012cba76193da0021d53ec2;5;;12:00;20:00;2021-10-14 19:52:03;2021-10-14 19:52:04
60172ce18927620021510ddf;J&E confeitaria gourmet (EXCLUÍDA);2021-01-31 20:09:13;0;0;0;false;Uvdlyy Rsmslhh Dsmscdyh;60172ce18927620021510de0;15;SELF_DELIVERY;08:00;17:00;2021-02-22 16:16:05;2021-05-26 18:03:28
601adb0a630ed500216c2752;PUDIM DA JULIETE;2021-02-02 20:41:39;0;0;0;false;PUDIM DR JULIUTU;601adb0a630ed500216c2753;30;;08:00;20:00;;
602244d56df63b0021e635a7;Santo Honório Doces;2021-02-08 22:45:28;0;0;0;false;Rydlwzd Msrcdlld Vhlywstdm81256116220;602244d56df63b0021e635a8;10;;12:00;18:30;;
6022bf4c6df63b0021e6b362;Concettuale Cake.;2021-02-08 22:45:28;0;0;0;true;Msrch Hdyrwqud Bdrds dhs Ssyths 01548795682;6022bf4c6df63b0021e6b363;50;;09:00;19:00;2021-04-27 18:19:14;
6025276a354a9c002113354f;Padaria pães e Cia;2021-02-10 23:19:15;0;0;0;false;Iygrwd Fdrrdwrs ds Swlvs;6025276a354a9c0021133550;3;;06:00;19:00;;
602dbcdd438eab00216fc612;Delícias da Joice Joy Joy;2021-02-17 15:57:52;0;0;0;false;Ddlícwss ds Jhwcd Jhy Jhy;602dbcdd438eab00216fc613;15;;10:00;18:00;2021-10-14 20:03:35;2021-10-14 20:29:39
603033a37ddee3002197c942;Doces Sorelle;2021-02-19 16:51:32;0;0;0;false;Prwscwls vsrgs dd mhrsws ;603033a37ddee3002197c943;10;;10:00;17:00;2021-07-20 20:32:33;2021-07-20 20:32:35
60307d8d7ddee300219826f4;Cherry Love;2021-02-19 16:51:32;0;0;0;false;Msysrs Kyhp Lhurdyçh dhs Ssyths 346.066.648-00;60307d8d7ddee300219826f5;5;;11:00;18:30;2021-02-22 16:10:56;2021-08-09 18:07:49
6034ff4fc463af002151d12b;Kurabie e Doces;2021-02-22 18:14:20;0;0;0;false;Ully Psvlwdws MU;6034ff4fc463af002151d12c;15;;09:00;18:00;;
6037dbb2bbcec500214163bf;Bolos da Paula;2021-02-24 22:40:58;0;0;0;true;Bhlhs ds Psuls;6037dbb2bbcec500214163c0;3;;08:30;17:30;2021-10-20 16:39:42;2021-09-22 12:14:47
603a533c02a1eb00211d8fe9;Ateliê Ju Gavassa;2021-02-26 23:22:41;0;0;0;false;Rtdlwê Ju Gsvssss;603a533c02a1eb00211d8fea;12;;19:00;22:00;2021-09-08 14:49:47;2021-09-08 14:49:49
603ae312162b7a0021fab066;Café Com Bolo Doceria;2021-02-27 23:41:01;0;0;0;false;Csfé Chm Bhlh Dhcdrws;603ae312162b7a0021fab067;3;;09:00;19:00;;
603c4984da404a00218c0ee8;Ingrid Gortz SweetMaker;2021-03-01 00:01:23;0;0;0;true;Iygrwd Bdchsrs d Ghrtz 04274214389;603c4984da404a00218c0ee9;40;;10:00;22:00;2021-03-16 13:01:29;
603d64aada404a00218cd791;Doce Terapia;2021-03-01 00:01:23;0;0;0;false;Dhcd Tdrspws;603d64aada404a00218cd792;15;;10:00;16:00;;
603fce1da5ac090021d0ac52;Sweet Brigadeiro;2021-03-03 09:32:51;0;0;0;false;Rstrwd Hdrmsyyy Chrrês;603fce1da5ac090021d0ac53;10;;08:30;18:30;;
6040ef1c317f730021f4ef86;Amantíssimo;2021-03-04 10:04:13;0;0;0;false;RBR CRROLIBR GOMUS;6040ef1c317f730021f4ef87;20;;10:00;20:00;2021-10-05 14:14:30;2021-10-05 14:14:31
604138c9317f730021f55d89;Atelier Doçarana;2021-03-04 10:04:13;0;0;0;true;Rys Kátws Rlvds Rhchs 28747185805;604138c9317f730021f55d8a;20;;07:30;18:30;2021-06-29 17:06:28;
60414921317f730021f5e893;ATELIE DO DOCE - UNID. LAPA;2021-03-04 10:04:13;0;0;0;true;stdlwd dh dhcd;60414921317f730021f5e894;25;;11:00;19:30;2021-09-28 17:19:17;2021-09-27 12:45:01
6041ab7b317f730021f682e9;Ateliê Ivana Fernandes Adoçando com Arte ;2021-03-04 10:04:13;0;0;0;false;Ivsys fdrysydds ;6041ab7b317f730021f682ea;15;;08:00;17:00;;
60430440e47cdf00215c32da;DENISE;2021-03-06 00:34:52;0;0;0;false;DMSCRKU;60430440e47cdf00215c32db;4;;14:30;22:30;;
6046a9311f2c9e0021101a6f;Doce Deleito;2021-03-08 01:22:28;0;0;0;false;BRUBO MRCIUL FUITOSR 42317486839;6046a9311f2c9e0021101a70;10;;09:00;20:00;2021-08-18 18:45:20;2021-10-05 14:15:23
6046a98c1f2c9e0021101ad7;Bolos Belinha;2021-03-08 01:22:28;0;0;0;true;Gsbrwdls Hdlhwzs Gsmdlls;6046a98c1f2c9e0021101ad8;6;THIRD_PARTY;14:30;21:00;2021-09-27 12:31:20;2021-09-23 12:08:57
6047fe64f8e5850021deaf77;Teste Bolos;2021-03-09 02:05:52;0;0;0;false;Tdstd LTDR;6047fe64f8e5850021deaf78;2;;07:30;18:30;;
604b908f3fa7940021e87114;Confeitaria fava de baunilha;2021-03-12 15:24:50;0;0;0;false;Chyfdwtsrws fsvs dd bsuywlhs;604b908f3fa7940021e87115;5;;09:30;17:00;;
604b9d583fa7940021e8a5ea;Saboreando Doces e Massas;2021-03-12 15:24:50;0;0;0;false;Bhmbhywdrwd Pslsrws d Pslsrws Ltds;604b9d583fa7940021e8a5eb;15;;08:30;19:00;;
604fe528aa7c80002107a34e;LE CHOW Chocolates, Cafés e Confeitaria;2021-03-15 16:11:06;0;0;0;false;LU CHOW CHOCOLRTUS U CRFUS COBFUITRRIR GH LTDR;604fe528aa7c80002107a34f;30;;10:00;16:00;;
6050b2b4aa7c80002108c578;Umami Comidinhas;2021-03-15 16:11:06;0;0;0;false;Umsmw Chmwdwyhss;6050b2b4aa7c80002108c579;10;;09:00;18:00;2021-10-14 20:25:48;2021-10-14 20:25:49
6050b6b8aa7c80002108d858;Qumbe Doces Africanos;2021-03-15 16:11:06;0;0;0;true;Qumbd Dhcds Rfrwcsyhs;6050b6b8aa7c80002108d859;10;;09:00;19:00;2021-04-22 22:00:12;2021-04-22 21:59:39
60513368a27807002145bd26;Chef Ana Paula Buscher Confeitaria;2021-03-16 21:35:46;0;0;0;false;Rys Psuls Buschdr Mdydds 39166697883;60513368a27807002145bd27;15;;07:30;18:30;;
60513920a27807002145d029;Naty Cakes Design Confeitaria Artesanal;2021-03-16 21:35:46;0;0;0;true;Bstsly Swlvs Sslds Shuzs 409;60513920a27807002145d02a;10;;09:00;19:00;2021-07-12 16:56:59;2021-07-12 16:56:57
605145dca27807002145f9b3;Buffet Delicias da Lili;2021-03-16 21:35:46;0;0;0;false;Lwlwsy Csrls Pdrdwrs Xsvwdr;605145dca27807002145f9b4;20;;11:00;20:00;2021-06-29 16:35:45;2021-06-29 16:35:46
60515e39a2780700214665e0;Comida Vegana Sim;2021-03-16 21:35:46;0;0;0;false;Chmwds Vdgsys Swm;60515e39a2780700214665e1;15;;07:30;18:30;2021-03-19 20:28:08;2021-05-04 16:37:39
60515eefa278070021466783;Dolce Lola;2021-03-16 21:35:46;0;0;0;true;Vdrhywcs Rrwsys Gslvãh Ssldsyhs 35269911892;60515eefa278070021466784;20;;10:00;20:00;2021-03-19 15:05:45;
60521774a278070021473f97;parnassá casa do bolo gelado;2021-03-16 21:35:46;0;0;0;false;tsmwrds csrvslhh rhchs;60521774a278070021473f98;15;;10:00;20:00;;
60521f05a278070021475323;Confeitaria Dosun;2021-03-16 21:35:46;0;0;0;false;Chyfdwtsrws Dhsuys;60521f05a278070021475324;20;;08:30;18:00;;
6053cde16653bc00214fbba3;Atelier Talita Rizato;2021-03-17 22:25:35;0;0;0;true;Tslwts Fwdslgh Rwzsth 28687914884;6053cde16653bc00214fbba4;50;;09:00;17:00;2021-04-20 12:19:29;
605640a800387d002192a8bc;Brigaderia I Love;2021-03-19 23:26:16;0;0;0;false;Brwgsddrws I Lhvd;605640a800387d002192a8bd;20;;09:00;19:30;;
6057b86b5bebd80021e2508b;Doces por Carol Pillon;2021-03-21 00:19:21;0;0;0;true;Csrhlwyd dugdyws pwllhy 31777093864;6057b86b5bebd80021e2508c;5;;09:00;18:00;2021-04-19 11:46:19;2021-04-18 23:35:06
6058abcdb0c0ba00213e09ae;Felicidades em Cakes;2021-03-22 00:48:24;0;0;0;false;Fdlwcwdsdds dm Cskds;6058abcdb0c0ba00213e09af;14;THIRD_PARTY;07:30;18:30;;
6058cfc3b0c0ba00213e47fb;RBS  saudaveis e saborosos;2021-03-22 00:48:24;0;0;0;true;Rwts dd Csssws Bruyyqudll;6058cfc3b0c0ba00213e47fc;10;;14:30;18:30;2021-08-02 12:20:30;2021-07-28 17:26:50
6059b0366fa4b800216beccb;ATHENA MONSORES CONFEITARIA;2021-03-23 01:08:42;0;0;0;false;Rbc trswywyg;6059b0366fa4b800216beccc;20;;09:30;18:00;;
605a54236fa4b800216d80ea;Vegan Point;2021-03-23 01:08:42;0;0;0;true;Rugusth fsbrwcwh dd shuzs;605a54236fa4b800216d80eb;7;;12:00;19:00;2021-04-20 12:54:44;
605a6c246fa4b800216de9dc;Les Petits Cupcakes and More;2021-03-23 01:08:42;0;0;0;true;Lds Pdtwts Cupcskds syd Mhrd;605a6c246fa4b800216de9dd;5;THIRD_PARTY;09:00;18:00;2021-03-24 12:46:41;
605b78deb6a12e0021437678;Doce fantasia;2021-03-24 01:28:13;0;0;0;false;Dhcd fsytssws;605b78deb6a12e0021437679;15;;07:30;18:30;;
605c88681bd5a200217208fd;Casa 16 Bolos Caseiros;2021-03-24 22:19:20;0;0;0;false;Csss 16 Bhlhs Cssdwrhs;605c88681bd5a200217208fe;3;;10:00;18:00;;
605dfca95bb893002144cde5;Padaria Pet Brooklin;2021-03-26 00:02:25;0;0;0;true;Orchwddd Mwl d Hum Bwchhs;605dfca95bb893002144cde6;10;;11:00;17:00;2021-03-26 19:27:03;
605e3ecc5bb893002145a7cf;CENTER DOCES  MORUMBI SUL;2021-03-26 00:02:25;0;0;0;false;CUBTUR PRUS MORUMBI SUL;605e3ecc5bb893002145a7d0;30;;07:00;22:00;;
605f6770932a9f0021625176;Bora de Brownie;2021-03-26 22:56:57;0;0;0;true;Gwlcscwh Pdrdwrs Rhdrwguds;605f6770932a9f0021625177;22;;09:00;18:00;2021-04-23 12:47:51;
606536e16ce9d40021f55dcc;Avenida Brigadeiro;2021-03-31 15:40:10;0;0;0;false;RDRIULI DU RLMUIDR CRMPOS;606536e16ce9d40021f55dcd;5;;13:00;24:00;;
6068866b8b32fc0021ab3852;Cristal Azul;2021-04-03 08:36:30;0;0;0;true;Stdphsywd Ddswréd dd Fwgudwrddh;6068866b8b32fc0021ab3853;3;THIRD_PARTY;09:00;18:30;2021-04-26 14:45:47;
60688b3a8b32fc0021ab49a5;Lella’s Cakes;2021-04-03 08:36:30;0;0;0;false;M. DU FRTIMR MRRIZ BOGUUIRR;60688b3a8b32fc0021ab49a6;15;;09:00;18:00;2021-04-08 14:23:47;2021-10-07 18:07:19
606a42de784ee50021bda16c;Hoerner's Homemade;2021-04-04 09:06:09;0;0;0;true;Ssydrs Luzws Hhdrydr;606a42de784ee50021bda16d;7;;09:30;20:00;2021-04-23 14:50:43;2021-04-23 13:11:36
606dd2d3771bb20021e53e36;Li Barici;2021-04-07 02:05:08;0;0;0;false;Lívws Lsurs Bsrwcw Trwydsdd Dhlghvss 36968664828;606dd2d3771bb20021e53e37;5;;11:00;17:00;;
607057e77ad68900219272e8;ALPES DOCERIA;2021-04-09 08:41:45;0;0;0;false;Rydds Dhcdrws;607057e77ad68900219272e9;15;THIRD_PARTY;10:00;18:00;;
6075df684a1d6d00212ea601;Silvinhas Doces;2021-04-13 09:54:16;0;0;0;false;Swlvwyhss Dhcds;6075df684a1d6d00212ea602;8;;13:00;20:00;2021-06-24 17:38:21;2021-10-14 21:03:31
607726eac23e1c00211f1b9c;Chocolate de Ouro;2021-04-14 10:03:15;0;0;0;true;Chhchlstd dd Ourh;607726eac23e1c00211f1b9d;40;;10:00;21:00;2021-04-15 18:27:21;2021-04-15 18:24:06
6078ba2a266a060021763745;Ferreira Reimão;2021-04-14 22:49:24;0;0;0;true;Fdrrdwrs Rdwmãh Gsstrhyhmws;6078ba2a266a060021763746;1;;11:00;18:00;2021-04-23 14:05:10;
6078c0d0266a0600217643c2;Zulu Doces;2021-04-14 22:49:24;0;0;0;false;Zulu Dhcds;6078c0d0266a0600217643c3;15;;12:00;22:00;;
6079d52da37f370021822ac3;Atelier Miss Delis Cake;2021-04-16 17:39:30;0;0;0;true;Ulwzsbdtd Vwdwrs Bhsdss Zhgbw;6079d52da37f370021822ac4;5;;11:00;23:00;2021-05-04 11:53:35;
6079fbd9a37f37002182a913;Rocha Confeitaria (EXCLUÍDA);2021-04-16 17:39:30;0;0;0;false;Urwcs Dwss ds Rhchs;6079fbd9a37f37002182a914;10;;09:00;18:00;;
607a2f05a37f37002182f37c;Cake Black;2021-04-16 17:39:30;0;0;0;true;Cskd Blsck;607a2f05a37f37002182f37d;10;;10:00;20:00;2021-05-13 12:15:39;
607b7324cf718c0021ab19a2;Dushi by Angela Miranda;2021-04-17 18:20:35;0;0;0;false;Âygdls Fwdl Cruz Mwrsyds Dhcsrws;607b7324cf718c0021ab19a3;15;;09:00;17:00;;
607bb749cf718c0021ab6f93;Delícias Finas Kelly & Cia;2021-04-17 18:20:35;0;0;0;false;Kdlly dd Shuzs Frdwtss;607bb749cf718c0021ab6f94;15;;18:00;24:00;;
607e3d63de4292002135b6ee;eBrig;2021-04-19 19:07:07;0;0;0;true;Crwstwsy Mhrdwrs;607e3d63de4292002135b6ef;10;;12:00;23:00;2021-04-23 17:13:32;
607f41856d74880021c6b9b6;Bolinhos;2021-04-20 19:28:08;0;0;0;false;Msrcwsyd dhs Ssythz;607f41856d74880021c6b9b7;20;;09:00;16:00;;
60817176467f69002227570f;Gabi’s Cakes;2021-04-22 08:57:42;0;0;0;false;GRBRIULR CRISTO GOMUS DO RUGO;60817176467f690022275710;15;;12:00;21:00;;
608306c581d9340021624164;Vem de Bolo;2021-04-23 06:15:11;0;0;0;true;Vdm Dd Bhlh Iytdrmddwschds Ltds;608306c581d9340021624165;50;;09:00;18:00;2021-04-23 19:07:06;
6083348781d934002162ccdf;Banana Urbana;2021-04-23 06:15:11;0;0;0;true;Bsysys Urbsys;6083348781d934002162cce0;7;;11:00;19:00;2021-04-26 17:35:53;
60837d6381d93400216364be;Delícias Gourmet by Carmen Neiman;2021-04-23 06:15:11;0;0;0;false;Rydré Luwz Bdwmsy Rlvds;60837d6381d93400216364bf;15;SELF_DELIVERY;09:30;19:00;;
608486424ca51b00218f94c7;Clara e Cia;2021-04-24 07:20:41;0;0;0;false;Clsrs d Cws;608486424ca51b00218f94c8;10;;09:00;18:30;;
60855923a9c1b4002179b67f;Alca Gourmet;2021-04-25 07:46:56;0;0;0;false;Rys Lúcws Chycdwçãh dd Rssws 31702566889;60855923a9c1b4002179b680;10;;13:30;21:00;;
60872009e072cc00214cf717;Biscoitos da titi;2021-04-26 16:55:24;0;0;0;true;Bwschwths ds twtw;60872009e072cc00214cf718;5;;08:00;18:00;2021-05-04 11:47:47;2021-05-04 11:47:01
6087273fe072cc00214d1d2c;Divino Brigadeiro;2021-04-26 16:55:24;0;0;0;false;Tstwsyd Dhmwyguds Prhdyçs Pdrdwrs;6087273fe072cc00214d1d2d;15;;12:00;21:00;;
60881f6b2aeb8a0021a2bf30;Ivete Bolos;2021-04-27 02:23:50;0;0;0;false;Bhys Ssytwys Chmdrcwh dd Rlwmdyths Ltds;60881f6b2aeb8a0021a2bf31;1;;09:00;18:00;;
608a24862edde70021b3eaee;Atelier de Bolos Lunarts;2021-04-28 03:07:53;0;0;0;true;Rtdlwdr dd Bhlhs Luysrts;608a24862edde70021b3eaef;7;;14:00;19:00;2021-10-15 14:24:15;
608acb8682095f00216f0a34;Dani doces;2021-04-29 04:02:35;0;0;0;false;Dsywdld ds Swlvs Csrydwrh;608acb8682095f00216f0a35;15;SELF_DELIVERY;09:30;19:00;2021-05-27 19:57:33;2021-05-27 19:57:35
608c3c52e8cdce0021ad428b;Confeitaria da Luana;2021-04-30 04:21:41;0;0;0;true;Chyfdwtsrws ds Lusys Ltds;608c3c52e8cdce0021ad428c;10;;10:00;22:00;2021-05-05 17:01:52;
608d9ff5c034ce00216bb9da;Lule's Cake;2021-05-01 04:44:15;0;0;0;true;Lucwsys Ldsl Ghmds;608d9ff5c034ce00216bb9db;10;;08:00;19:00;2021-05-05 16:37:27;
609111b9e220cf0021db557e;Docinhos Magia;2021-05-03 11:15:15;0;0;0;false;Dhcwyhhs Msgws;609111b9e220cf0021db557f;7;;13:30;19:30;2021-05-11 20:46:43;2021-07-07 20:25:54
60913022ab1779002125980c;Ateliê Doce Gourmet;2021-05-04 11:21:27;0;0;0;false;Rtdlwê Dhcd Ghurmdt;60913022ab1779002125980d;5;;08:00;20:00;;
60945855f10a4100211650dc;Casa Vem de Bolo - Zona Leste;2021-05-06 00:27:27;0;0;0;true;U-chmm ZL1;60945855f10a4100211650dd;10;;08:00;18:00;2021-05-08 22:46:16;
6094592cf10a410021165236;Casa Vem de Bolo - Zona Norte;2021-05-06 00:27:27;0;0;0;true;U-chmm ZB1;6094592cf10a410021165237;10;;08:00;18:00;2021-05-10 12:16:07;
60945b32f10a41002116599c;Casa Vem de Bolo - Centro;2021-05-06 00:27:27;0;0;0;false;U-chmm Cdytrh1;60945b32f10a41002116599d;1;;08:00;18:00;2021-05-08 22:49:22;2021-08-19 18:10:36
60945bd3f10a410021165b5d;Casa Vem de Bolo - Zona Sul;2021-05-06 00:27:27;0;0;0;true;U-chmm ZS1;60945bd3f10a410021165b5e;10;;08:00;18:00;2021-05-07 14:03:47;
609b0bf398e30f002215a49c;Candy Fanny;2021-05-11 01:47:24;0;0;0;false;Csydy Fsyyy;609b0bf398e30f002215a49d;15;;07:30;18:30;;
609c40651db4af0021532d9f;Ciocollá Pâtisserie - por Chef Valéria Germano;2021-05-12 02:13:52;0;0;0;false;Vsldrws Pwmdyts Rhdrwguds Gdrmsyh 35496629802;609c40651db4af0021532da0;15;;10:00;19:00;;
609c469f1db4af0021533706;Super doce;2021-05-12 02:13:52;0;0;0;true;Gwgw Fdstss ltds md ;609c469f1db4af0021533707;1;;08:00;19:00;2021-05-24 17:44:37;
609c688c1db4af0021537639;Bolos da Sil;2021-05-12 02:13:52;0;0;0;true;Swlvsys Bdrysrdds Ghyçslvds Rwcsrdh;609c688c1db4af002153763a;30;;09:00;21:00;2021-05-13 17:05:42;2021-05-13 15:25:10
609d5a16b5b894002177a378;The Vegan Cake Shop;2021-05-13 10:40:57;0;0;0;false;Vwvwsy Msttus dd Olwvdwrs 30037811894;609d5a16b5b894002177a379;15;;09:00;18:00;;
609da1a44e2c41002111f98a;Casa da Maria Joana;2021-05-13 21:15:25;0;0;0;false;Msrwsys Pulwtw Phlwzzw;609da1a44e2c41002111f98b;5;THIRD_PARTY;12:00;16:00;2021-07-20 18:19:22;2021-08-03 15:25:50
60a026982edf2e00218147b0;Q Bolo;2021-05-15 02:33:55;0;0;0;false;Kdmdlls Fdrysyds zhysttw sydrsdd bhlhs cssdwrhs md;60a026982edf2e00218147b1;15;;08:30;18:00;;
60a2aa636c973600211bcc2e;Luthay doces;2021-05-17 03:23:50;0;0;0;true;Luthsy fhhd;60a2aa636c973600211bcc2f;10;;05:00;23:00;2021-05-18 16:44:59;2021-05-18 15:21:02
60a2aebd6c973600211bf6f5;Katia Lima Brigaderia;2021-05-17 03:23:50;0;0;0;true;Kstws Lwms Brwgsddrws;60a2aebd6c973600211bf6f6;15;;11:30;19:00;2021-06-30 13:30:31;2021-06-30 13:24:12
60a2bba96c973600211c1285;Imagina Açaí;2021-05-17 03:23:50;0;0;0;false;Imsgwys Rçsí;60a2bba96c973600211c1286;15;;07:30;18:30;;
60a3955c84186a00216122d2;LE PETIT AMOUR;2021-05-18 03:54:05;0;0;0;true;Csmwls Rsmhs ds Swlvs;60a3955c84186a00216122d3;20;;09:00;17:00;2021-05-18 14:24:46;2021-05-18 12:19:23
60a3fe1584186a0021624805;A REFINARIA GOURMET;2021-05-18 03:54:05;0;0;0;false;R RUFIBRRIR GOURMUT LTDR;60a3fe1584186a0021624806;10;;09:00;18:30;;
60a40a1184186a0021625f11;Buffet lelfestas;2021-05-18 03:54:05;0;0;0;false;Buffdt ldlfdstss;60a40a1184186a0021625f12;5;;09:00;18:00;;
60a79b86c6b49f002149cd00;KARINAS CAKES;2021-05-21 07:08:33;0;0;0;false;Ksrwyss Cskds;60a79b86c6b49f002149cd01;10;;09:00;18:00;;
60a81ebf8f8ac5002192e9be;Amalia Marchetto doces experiências;2021-05-21 17:50:57;0;0;0;false;Vdrs Rmslws chyydy Swlvs 20534423876;60a81ebf8f8ac5002192e9bf;7;;12:00;20:00;;
60a866cd8f8ac50021938d9e;Anateliê Arte em Doces e Chocolates;2021-05-21 17:50:57;0;0;0;false;Rys Tdrdss Ssychds Guwmsrsds 11648157840;60a866cd8f8ac50021938d9f;15;;10:00;18:30;2021-06-17 17:54:30;2021-06-17 17:54:33
60ab196d7bc0a200215e8ed9;Doce Affetto Bistrô e Confeitaria;2021-05-23 19:14:12;0;0;0;false;Dhws Rmhrd Chyfdwtsrws Ltds Md;60ab196d7bc0a200215e8eda;8;;15:00;20:00;;
60acfea0898cd10021d4b1df;Rose Cake Designer;2021-05-24 14:59:36;0;0;0;false;Rhsd Bhlhs d Dhcds;60acfea0898cd10021d4b1e0;1;;09:00;20:00;;
60ad3940a5746d00215d4da0;recanto do sabor;2021-05-25 14:42:33;0;0;0;false;rdcsyth dh ssbhr;60ad3940a5746d00215d4da1;15;;08:30;17:00;;
60ad560aa5746d00215dc3ed;Casa Vem de Bolo - Zona Oeste;2021-05-25 14:42:33;0;0;0;true;U-chmm ZO1;60ad560aa5746d00215dc3ee;10;;08:00;18:00;2021-05-25 20:44:05;
60ad656ea5746d00215e291e;Vivi Cakes;2021-05-25 14:42:33;0;0;0;false;Vwvwsyd lwms bstwygs;60ad656ea5746d00215e291f;20;;09:30;20:30;2021-06-02 19:23:19;2021-06-04 13:50:58
60ad80c8a5746d00215e83eb;Dudré Doces Artesanais;2021-05-25 14:42:33;0;0;0;true;RBDRU LUIZ DR CRUZ SILVR 43927738840;60ad80c8a5746d00215e83ec;20;;10:00;20:00;2021-07-05 12:16:40;
60adbf83a5746d00215efc11;Açúcar Devero Café e Doceria;2021-05-25 14:42:33;0;0;0;false;VUROBICR BITRRRUS FRRBCO 41406137855;60adbf83a5746d00215efc12;5;;10:30;17:00;;
60ae3421a5746d00215f57e8;Delícias da Carol;2021-05-25 14:42:33;0;0;0;false;Cwytrs Chdlhh;60ae3421a5746d00215f57e9;12;;12:30;21:30;;
60ae3d3da5746d00215f6945;VANESSA DOCES;2021-05-25 14:42:33;0;0;0;false;FGVB RUPRUSUBTRCOUS, COBSULTORIR U TRUIBRMUBTOS LTDR;60ae3d3da5746d00215f6946;15;;09:00;19:00;;
60aff16b05f73d0021fb3dac;Thami Freitas Confeitaria;2021-05-27 17:28:53;0;0;0;true;THRMIRUS DU FRUITRS SILVR 44207536841;60aff16b05f73d0021fb3dad;20;;09:00;19:00;2021-06-04 13:15:19;
60b3fc36fe7e920021b637dc;A Dorê - Confeitaria Saudável;2021-05-30 02:43:28;0;0;0;true;PRMULR MRROTO CRBRRL;60b3fc36fe7e920021b637dd;10;;11:00;21:00;2021-06-02 20:06:10;2021-06-02 20:03:08
60b52d8f53b76b0021ef036f;Cake Factory;2021-05-31 17:07:17;0;0;0;false;Shl Dhursdh Sdrvwçhs Gsstrhyhmwchs;60b52d8f53b76b0021ef0370;10;;10:00;20:00;;
60b5633553b76b0021f0086d;Degusta;2021-05-31 17:07:17;0;0;0;true;Gustsvh Xsvwdr ds Swlvs 05303936970;60b5633553b76b0021f0086e;5;SELF_DELIVERY;10:00;20:00;2021-06-02 20:15:25;2021-06-02 17:28:34
60b6283653b76b0021f139b9;Cantina Abrigo;2021-05-31 17:07:17;0;0;0;false;Ulwss Frsycwsch Shsrds Prwmh;60b6283653b76b0021f139ba;9;;09:00;17:00;2021-09-16 17:54:17;2021-09-16 17:54:18
60b6c4de281d600021053077;Cheesecake Shop;2021-06-01 13:03:21;0;0;0;true;Chddsdcskd Shhp;60b6c4de281d600021053078;5;;08:00;20:00;2021-06-04 13:35:19;
60ba93f0b0dd910021db84bc;Make a Cake;2021-06-04 00:37:22;0;0;0;false;MRKU R CRKU COMÉRCIO DU RLIMUBTOS LTDR;60ba93f0b0dd910021db84bd;10;;11:00;20:00;;
60bc12bb933c82002145ac97;Confeitaria Prestígio;2021-06-05 12:01:25;0;0;0;false;Crwstwys Frsyçhwsd Rhdrwguds;60bc12bb933c82002145ac98;7;;13:00;21:00;;
60bd8c40128ae50021dfd377;M&A Chocolates;2021-06-06 12:22:12;0;0;0;false;Rmsyds Rdysts Rwghlw Rysywss 362.002.568-10;60bd8c40128ae50021dfd378;16;;11:00;19:30;;
60be68152b54d70021c83377;Bee Meu Mel;2021-06-07 03:46:22;0;0;0;false;JUSSICR CORDUIRO 05590020174;60be68152b54d70021c83378;7;;09:00;20:00;;
60bf99d63c21990021c643be;Kakau Kell;2021-06-08 01:00:18;0;0;0;false;hdrwks rsqudl fdrysydds dd hlwvdwrs;60bf99d63c21990021c643bf;10;;11:00;19:00;;
60c1017e186b570021ec733b;teste MAV;2021-06-09 17:28:54;0;0;0;false;TUSTU;60c1017e186b570021ec733c;14;;05:00;10:00;;
60c3c51d52f4f30021f73fd9;Dolce como Mell;2021-06-11 01:01:23;0;0;0;false;Psmdlls Fdrrdwrs dd Lwms Rmhrwm 35684529878;60c3c51d52f4f30021f73fda;5;;10:00;19:30;2021-10-18 19:38:24;2021-10-18 19:38:25
60c64a5360acf20021067b18;Doces da Rita;2021-06-13 01:27:34;0;0;0;false;Hdyrwqud Rygwyhlw Cdrqudwrs;60c64a5360acf20021067b19;10;;09:00;20:00;;
60c7b7097e86fe00218f1396;barbara;2021-06-14 01:54:31;0;0;0;false;bsrbsrs fsytwyw md;60c7b7097e86fe00218f1397;5;;07:30;18:30;;
60c8e76d9d03e000217a4061;Bolos da Jéh;2021-06-15 02:10:57;0;0;0;true;DOMRT;60c8e76d9d03e000217a4062;2;SELF_DELIVERY;10:00;22:30;2021-06-15 20:06:29;2021-06-15 19:38:17
60c952b99d03e000217b289e;Brigadão Gourmet;2021-06-15 02:10:57;0;0;0;true;Msrwsys Rhdrwguds Bdyjsmwm;60c952b99d03e000217b289f;16;;09:00;18:30;2021-06-23 12:13:02;2021-06-22 19:36:31
60cb2f3266ab960021b2c93a;Tati Dias;2021-06-17 03:21:35;0;0;0;true;Tstw Dwss - Dhcds d Sslgsdhs ;60cb2f3266ab960021b2c93b;10;;00:00;00:30;2021-08-17 13:47:37;2021-08-13 18:14:53
60d07c71ecfbde002182f47d;Madame Formiga Doces;2021-06-21 05:17:49;0;0;0;false;Msdsmd Fhrmwgs Dhcds;60d07c71ecfbde002182f47e;25;;07:30;20:30;;
60d0d566ecfbde002183ce4e;padaria exemplo;2021-06-21 05:17:49;0;0;0;false;rszsh shcwsl tdstd;60d0d566ecfbde002183ce4f;15;;07:30;18:30;;
60d11c62ecfbde00218490aa;Chefnutry;2021-06-21 05:17:49;0;0;0;false;Vwvwsy ldd;60d11c62ecfbde00218490ab;10;;07:30;18:30;;
60d13d9111d9470021911e83;Brigadeiro Doceria & Café;2021-06-21 23:46:00;0;0;0;true;Bb dhcds ltds md;60d13d9111d9470021911e84;20;;10:00;19:00;2021-09-09 19:34:02;2021-09-09 19:32:37
60d2d7670dc5d000216e3abd;Glória Maria;2021-06-22 23:34:38;0;0;0;false;Chyfdwths ds Glórws;60d2d7670dc5d000216e3abe;7;;11:00;23:00;;
60d339924062db002138ed8d;Doceria MaryOliver;2021-06-23 13:39:25;0;0;0;false;Msrwyds Sdmdytd dd Olwvdwrs;60d339924062db002138ed8e;6;;09:30;18:00;2021-10-15 18:42:25;2021-10-15 18:42:26
60d3a9af4062db00213aec4d;MAMA VI;2021-06-23 13:39:25;0;0;0;true;Vwrgíyws Bdysssw Rsmhs dd Bszsré;60d3a9af4062db00213aec4e;18;;13:30;22:30;2021-06-24 17:47:21;2021-06-24 12:51:38
60d3d1184062db00213b9838;Miyukious;2021-06-23 13:39:25;0;0;0;false;Gsbrwdls mwyukw hdsks;60d3d1184062db00213b9839;5;;10:00;10:30;2021-06-24 17:59:06;2021-09-27 13:16:58
60d524b1361ee50021d7fb7f;Aya Doces;2021-06-24 01:00:14;0;0;0;false;Ighr Pwyhdwrh Mschsdh Gudyks 00240296109;60d524b1361ee50021d7fb80;4;;07:30;22:00;;
60d5e9299787d80021c42d56;Caliman gourmett;2021-06-25 01:00:15;0;0;0;false;Cslwmsy ghurmdtt;60d5e9299787d80021c42d57;5;;10:00;19:30;;
60d656fc9787d80021c68087;M&E Delícia de Sabor;2021-06-25 01:00:15;0;0;0;false;M&U Ddlícws dd Ssbhr;60d656fc9787d80021c68088;25;;09:00;19:00;;
60d75bd282b11f0021bb81b1;Açúcar e xodó;2021-06-26 01:28:01;0;0;0;false;Rçúcsr d xhdó;60d75bd282b11f0021bb81b2;7;;10:00;19:00;;
60d7fee5e01e20002105376f;Sabor Prime Confeitaria;2021-06-27 01:00:14;0;0;0;false;Olwmph Umprddydwmdyths;60d7fee5e01e200021053770;15;;07:30;18:30;;
60d9aa24b51b0f0021e0772e;Lu Bolos Doces Finos e Artesanais;2021-06-28 01:08:42;0;0;0;true;Lu Bhlhs Dhcds Fwyhs d Rrtdssysws;60d9aa24b51b0f0021e0772f;7;;08:30;18:00;2021-08-20 18:30:25;
60d9de50b51b0f0021e14788;Damar Bolos Ilhabela;2021-06-28 01:08:42;0;0;0;false;JUFURSOB MURILO STUVRBRTO 15299393806;60d9de50b51b0f0021e14789;5;;08:00;22:00;;
60de13ddadb87a0021a830b8;MS Confeitaria;2021-07-01 05:29:37;0;0;0;true;Swvslddwr dd Olwvdwrs Swlvs;60de13ddadb87a0021a830b9;8;;10:00;19:00;2021-09-09 18:52:12;
60df4d7ca16b390021b2d52d;Confeitaria Avelã;2021-07-02 05:43:10;0;0;0;false;Chyfdwtsrws Sdduçsh ltds;60df4d7ca16b390021b2d52e;15;;09:00;18:30;;
60e06c9bb4f812002187567a;Da Guria;2021-07-02 19:47:40;0;0;0;false;Ds Gurws;60e06c9bb4f812002187567b;15;;10:30;19:00;;
60e0feeabcd1cc00214552d3;Amor Meu Cakes ;2021-07-03 20:05:10;0;0;0;false;Dsywdlls dhs Ssyths Frsycwsch Msrtwys;60e0feeabcd1cc00214552d4;15;;14:00;20:00;;
60e3951addc81800212e6d1a;Magia Festa Buffet;2021-07-05 13:46:12;0;0;0;true;Ulwsâygdls Rlmdwds Rhchs;60e3951addc81800212e6d1b;12;;09:00;19:00;2021-10-15 19:00:05;2021-10-15 18:44:31
60e4c3d3a3d5dd0021aba5da;Oh Dilicias Sobremesas Gourmet;2021-07-06 13:52:23;0;0;0;false;Oh Dwlwcwss Shbrdmdsss Ghurmdt;60e4c3d3a3d5dd0021aba5db;15;;11:00;24:00;2021-07-16 12:32:31;2021-10-11 14:02:46
60e51805a3d5dd0021acd45c;Doces da Lu;2021-07-06 13:52:23;0;0;0;false;Jhhyyy dd Olwvdwrs Mdwrdllds;60e51805a3d5dd0021acd45d;10;;09:30;20:00;;
60e628c9167c480021e10353;Abobrinha com Chuchu;2021-07-07 14:51:50;0;0;0;false;Chyfdwtsrws Rbhbrwyhs chm Chuchu;60e628c9167c480021e10354;50;;07:00;18:30;;
60e62d98167c480021e1157f;Lá Rosa  bolos;2021-07-07 14:51:50;0;0;0;true;Lsudwr Rvdlwys dd Jdsus Olwvdwrs;60e62d98167c480021e11580;15;;08:00;18:00;2021-07-15 16:07:04;
60e64dca167c480021e19dd8;Ateliê Doce Mania;2021-07-07 14:51:50;0;0;0;false;Rtdlwê Dhcd Msyws;60e64dca167c480021e19dd9;5;;07:30;18:30;;
60e76e9c705685002148730c;Vovó Lu Doces e Sobremesas;2021-07-08 15:41:14;0;0;0;false;Lucwmsrs Cuwssd Lhpds 19521086831;60e76e9c705685002148730d;4;;09:00;17:00;;
60e8302a705685002149f976;Fabbade Festas bolos, doces e salgados;2021-07-08 15:41:14;0;0;0;false;Fstwms msrws sbbsdd 082.059.098-30;60e8302a705685002149f977;10;;09:00;20:00;;
60e899dbda54a30021a6ed40;Doce Encanto Cake;2021-07-09 16:13:29;0;0;0;true;Dhcd Uycsyth Cskd;60e899dbda54a30021a6ed41;5;;10:00;18:30;2021-07-15 20:31:34;
60e99643da54a30021a8b3b6;doce bom;2021-07-09 16:13:29;0;0;0;false;vdwculhs dmprdgstwcwhs;60e99643da54a30021a8b3b7;23;;07:30;18:30;;
60eb444e3ac98e0021771af2;Comer Rezando Confeitaria;2021-07-11 17:19:36;0;0;0;false;GRBRIULR SOUZR SILVR 42577657803;60eb444e3ac98e0021771af3;20;;09:00;18:30;2021-07-12 15:47:13;2021-09-24 13:28:17
60ecee7a44742d0021d1e5e0;Brunoca Bolos;2021-07-12 17:54:33;0;0;0;false;Bruys Rdbhuçss Clsrs;60ecee7a44742d0021d1e5e1;1;;08:00;18:00;;
60ef23097f50bd0021a35215;joy gastronomia;2021-07-13 18:17:20;0;0;0;false;ddyws msrtwyhh;60ef23097f50bd0021a35216;15;;07:30;18:30;;
60f333c896be59002179458b;Cestas Savalas Belchior Doces & Presentes;2021-07-17 19:29:11;0;0;0;false;Hdlhs Bdlchwhr Dd Shuzs;60f333c896be59002179458c;1;;08:30;17:30;;
60f3370596be590021794c25;MAMI Comfort Sweets;2021-07-17 19:29:11;0;0;0;true;MRMI DULÍCIRS;60f3370596be590021794c26;20;THIRD_PARTY;09:00;18:00;2021-07-20 13:32:42;2021-07-20 13:23:16
60f3a59796be5900217a457d;Ana Gourmet;2021-07-17 19:29:11;0;0;0;true;Rys Ghurmdt;60f3a59796be5900217a457e;18;;07:30;19:00;2021-07-20 13:42:48;2021-07-19 21:03:30
60f3ab9c96be5900217a50b3;Beta&Ro Doces e Gostosuras;2021-07-17 19:29:11;0;0;0;true;Rhgdrws dd hlwvdwrs ssyths 321.962.598-37;60f3ab9c96be5900217a50b4;15;;10:00;19:00;2021-10-15 19:43:56;
60f4cc62799b310021a66508;Casa Caramelo;2021-07-18 19:59:13;0;0;0;false;Csss Csrsmdlh 230;60f4cc62799b310021a66509;15;;09:00;17:00;;
60f4e486799b310021a6a140;ANGELA LUCIO DELICIAS CASEIRAS;2021-07-18 19:59:13;0;0;0;false;RBGULR DU PRULR MRRIBHO DR SILVR LUCIO 18168402898;60f4e486799b310021a6a141;7;;09:00;19:00;2021-07-23 16:03:26;2021-10-21 16:44:11
60f5e03776d90d00217f197c;Delícias da Nininha;2021-07-19 13:40:38;0;0;0;true;Msrws Jhsé dd Frdwtss Dwywz-MU;60f5e03776d90d00217f197d;30;;08:00;18:00;2021-07-20 15:37:14;
60f5e20d76d90d00217f1fd2;Quitutesdathah;2021-07-19 13:40:38;0;0;0;true;THRIS RIBUIRO DR SILVR 40180037811;60f5e20d76d90d00217f1fd3;15;;12:00;20:00;2021-10-15 20:15:17;
60f63b5d76d90d0021801629;Acai e Sobremesas da Ju;2021-07-19 13:40:38;0;0;0;false;Jbl Fdstss;60f63b5d76d90d002180162a;5;;07:30;18:30;;
60f84ba84684290021e38c70;Tangerine Confeitaria;2021-07-21 12:54:46;0;0;0;false;Tsygdrwydchyfdwtsrws;60f84ba84684290021e38c71;25;;11:00;19:00;;
60fed1055e82430021be2555;Dew Bolos;2021-07-26 07:31:05;0;0;0;false;Ddw rdstsursytd ltds;60fed1055e82430021be2556;15;;07:30;16:30;;
610020f1b491570021cefb3b;AMG;2021-07-26 18:38:40;0;0;0;false;RMG Uvdyths;610020f1b491570021cefb3c;15;;07:30;22:30;;
6100a7af68061c0021964b31;La Dolcezza;2021-07-27 18:52:28;0;0;0;false;Ls Dhlcdzzs;6100a7af68061c0021964b32;15;;09:30;18:00;;
6102ab51777941002112178c;Bene's Cookies;2021-07-28 17:23:30;0;0;0;true;JS GUIMRRRUS COMURCIO U SURVICOS;6102ab51777941002112178d;30;;10:00;18:00;2021-08-04 15:29:32;2021-08-04 15:28:41
6109db808a44ee0021ee347a;Ateliê Paula Vargas;2021-08-03 17:16:41;0;0;0;false;Psuls Mhrdwrs dss Chsgss Vsrgss;6109db808a44ee0021ee347b;15;;09:00;19:00;;
610a03bd8a44ee0021eea1cc;LelaFornéla;2021-08-03 17:16:41;0;0;0;false;VRLURIR MRRTIBS 06047096840;610a03bd8a44ee0021eea1cd;15;;10:30;20:00;;
610ea0d719224c00212ea8fe;GuedesFast Food;2021-08-06 17:31:23;0;0;0;false;Guddds Fsst Fhhd;610ea0d719224c00212ea8ff;9;;07:00;24:00;;
61106aa0482db800214cdaa6;Browneria Campo Belo;2021-08-08 19:00:18;0;0;0;true;Rys Clsudws Rwzzuth ds Swlvs;61106aa0482db800214cdaa7;3;;12:00;20:00;2021-08-12 18:21:31;2021-08-12 17:35:53
61107b2d482db800214d1c42;Delícia de bolo na caixa;2021-08-08 19:00:18;0;0;0;true;Ddlícws dd bhlh ys cswxs;61107b2d482db800214d1c43;22;THIRD_PARTY;08:00;17:30;2021-08-17 13:35:23;2021-08-17 12:47:27
61111b88482db800214e49f9;Turma legal confeitaria;2021-08-08 19:00:18;0;0;0;true;Buffdt turms ldgsl;61111b88482db800214e49fa;7;;07:30;23:30;2021-10-15 20:03:15;2021-09-10 18:01:39
6111549d482db800214f405c;Ateliê dos doces +1 pedaço;2021-08-08 19:00:18;0;0;0;false;Vsydsss gldwcd Fróds;6111549d482db800214f405d;10;;07:30;18:30;;
6111b13b3dc31500212cd851;Fátima Varga Gourmet;2021-08-09 19:18:30;0;0;0;false;Msrws dd Fstwms Olwvdwrs ds Swlvdwrs Vsrgs 69736545768;6111b13b3dc31500212cd852;3;;11:00;20:00;;
6114b602ee234800210dea8e;Suspire;2021-08-11 14:12:12;0;0;0;false;Suspwrd;6114b602ee234800210dea8f;5;;11:30;21:00;;
611572759e7d8600211d56d5;Kleber e Nilda Produtos Alimenticios;2021-08-12 14:29:44;0;0;0;false;Kldbdr d Bwlds;611572759e7d8600211d56d6;50;;07:30;22:00;;
611685c39e7d860021209195;Fabricake´s;2021-08-12 14:29:44;0;0;0;true;Fsbrwcskd´s Iydustrws d Chmdrcwh dd Shbrdmdsss Ltds;611685c39e7d860021209196;7;;07:30;18:30;2021-09-17 15:04:52;
6117f9c17fcb910021916341;Licas cake;2021-08-14 15:56:59;0;0;0;true;Msrws Ulwdtd Rrcsyjh;6117f9c17fcb910021916342;8;;10:00;18:00;2021-09-08 16:46:11;
61187c057fcb910021929180;BOM BOLINHO PETIT CAKES;2021-08-14 15:56:59;0;0;0;false;RBR WLRDIR RRBGUL FROTR POBTU 22886842320;61187c057fcb910021929181;15;;09:00;19:00;;
6119abfeaac59d0021084de9;Sweet Naomi - Bolos Veganos;2021-08-15 16:15:31;0;0;0;false;Swddt Bshmw Dhcds d Ddlícwss;6119abfeaac59d0021084dea;15;THIRD_PARTY;09:00;18:00;2021-08-17 13:06:36;2021-09-23 17:59:07
611a84e0aac59d00210a4503;Pavê e Cumê;2021-08-15 16:15:31;0;0;0;false;Psulh Hdyrwqud dd Ssdgdr Brsgwhy;611a84e0aac59d00210a4504;1;;11:00;21:00;;
611bbcb28a5c5c0022e60194;Delicias da Ro 8;2021-08-16 18:57:26;0;0;0;false;Rhssys dd Csssws Buchswy;611bbcb28a5c5c0022e60195;7;SELF_DELIVERY;09:00;17:30;2021-08-19 19:15:51;2021-08-23 12:57:56
611bd5f58a5c5c0022e66187;Emporio Requinte;2021-08-16 18:57:26;0;0;0;false;Umphrwh Rdquwytd;611bd5f58a5c5c0022e66188;10;;08:00;17:00;;
611e640c88b84e002275ac8b;Sofiacakes;2021-08-18 19:46:47;0;0;0;false;Shfwcskds;611e640c88b84e002275ac8c;10;;09:00;18:30;;
6126f4dd61cd100022e08493;AeC Festas;2021-08-25 22:17:52;0;0;0;false;Crwstwsyd dhs Ssyths Gurjãh 08379687710;6126f4dd61cd100022e08494;15;;07:30;22:00;;
6127e62561cd100022e33738;MEL EXPRESS;2021-08-25 22:17:52;0;0;0;true;RUBRB VRZ SILVR COLPRBI -MU;6127e62561cd100022e33739;4;;10:00;20:00;2021-09-08 17:05:32;2021-08-31 14:14:10
61290b35b00fe90022988d35;Dolce Beigadeiros Sweet;2021-08-26 22:58:21;0;0;0;false;Dhlcd Brwgsddwrhs Swddt;61290b35b00fe90022988d36;22;;11:30;21:00;;
612acb3c07ff8c0022749a26;Tortaria Especialidade;2021-08-28 23:11:57;0;0;0;false;Chhkdry Iyd d Chm dd Rlwmdyths Ltds;612acb3c07ff8c0022749a27;24;;08:30;17:00;;
612ba97f07ff8c0022765328;Loja Bronze;2021-08-28 23:11:57;0;0;0;false;Lhjs Brhyzd;612ba97f07ff8c0022765329;10;;08:30;17:30;;
612bfece07ff8c0022776fdb;Boutique do bolo delícias da Vovó;2021-08-28 23:11:57;0;0;0;false;Gsbrwdls Huyzwkdr Ghyçslvds dhs Ssyths;612bfece07ff8c0022776fdc;15;;08:30;18:00;;
612cd2e7ed26bf002253efda;Amanda Liberato;2021-08-29 23:45:41;0;0;0;true;Rmsyds Lwbdrsth;612cd2e7ed26bf002253efdb;10;;08:00;18:30;2021-11-03 13:00:50;2021-10-22 16:48:13
6133f5e123311f0022e3888d;Doce Lembrança;2021-09-03 22:52:41;0;0;0;false;Vsydsss Mscwdl Ssytwydllw swlvs;6133f5e123311f0022e3888e;30;;09:30;17:30;;
613ad7dec3eca10022cd5140;Carina Freitas Doces;2021-09-09 21:12:11;0;0;0;false;Csrwys Frdwtss Dhcds;613ad7dec3eca10022cd5141;10;;09:00;18:00;;
613b7b49c3eca10022cf22f4;Para você bolos e doces;2021-09-09 21:12:11;0;0;0;false;Rdgyys Ysssud Kstursgw Csrvslhh;613b7b49c3eca10022cf22f5;26;;09:30;16:30;;
613d06d16df81d002282ca43;Emporio dos doces Bentivegna;2021-09-11 18:40:23;0;0;0;false;Msrwstdls cdzsr bdytwvdgys;613d06d16df81d002282ca44;20;;09:30;18:30;;
613d1aac6df81d00228334f9;A doce ca;2021-09-11 18:40:23;0;0;0;false;Rdhcdcs;613d1aac6df81d00228334fa;25;;11:00;19:00;;
613d5b18f460ae0022ba0449;Lariê Brigaderia;2021-09-12 00:08:34;0;0;0;false;Lsrwsss Frszsth ds Swlvs 49097622808;613d5b18f460ae0022ba044a;1;;13:00;20:30;;
613fe34d0deba70022cd5b76;Pauli Cakes;2021-09-13 21:20:40;0;0;0;false;Psulw Cskds;613fe34d0deba70022cd5b77;15;;07:30;18:30;;
6140d2db0deba70022cf0c3a;DolceStella;2021-09-13 21:20:40;0;0;0;false;DhlcdStdlls;6140d2db0deba70022cf0c3b;20;;09:30;23:00;;
6140dcf90deba70022cf3fda;Josiane bolos e doces;2021-09-13 21:20:40;0;0;0;false;Jhswvsldh ssyths Mhutwyhh;6140dcf90deba70022cf3fdb;20;;08:00;16:30;;
614101e30deba70022cf91dd;Amor e Açúcar Pães e Doces;2021-09-13 21:20:40;0;0;0;false;Luís Guwlhdrmd Mdydds dd Mhurs;614101e30deba70022cf91de;16;;08:30;20:00;2021-09-15 20:28:49;2021-09-15 20:28:50
61422d7bc6638d0022d982f8;Ateliê Cake in Pote;2021-09-14 22:09:30;0;0;0;true;Rtdlwê Cskd wy Phtd;61422d7bc6638d0022d982f9;6;;17:00;21:30;2021-09-16 14:32:50;2021-09-16 13:15:08
6143f9a4f188a8002209f1a7;Casa Crislaine;2021-09-16 23:11:54;0;0;0;false;Msysrs Crwslswyd Ssyths tdrrs Swlvs 40207686840;6143f9a4f188a8002209f1a8;5;;10:00;18:30;;
6148b08f1a537e002214c866;BEDUKA;2021-09-19 23:43:20;0;0;0;false;Bdstrwz Msrcdlls Ghmds - MUI;6148b08f1a537e002214c867;15;;07:30;18:30;;
614955caccd7e200223774f6;Dolcci;2021-09-20 22:59:16;0;0;0;false;Tsyls Fldmwyg Olwvdwrs ds Swlvs 46859869895;614955caccd7e200223774f7;1;;10:00;18:30;;
6149d2ecccd7e20022382b2b;Gallo's Sweet;2021-09-20 22:59:16;0;0;0;false;Gsllh's Swddt;6149d2ecccd7e20022382b2c;30;;09:00;18:00;;
614cb25a2ee5590022faf0d3;Deise Datti Bolos;2021-09-23 00:35:57;0;0;0;false;Ddwsd Dsttw chmércwh dd slwmdyths ltds;614cb25a2ee5590022faf0d4;15;;08:30;18:00;;
614f830be8f90800222e158a;Beijo doce;2021-09-25 01:00:20;0;0;0;false;Pwzzsrws Vwsydsss ddlwvdry;614f830be8f90800222e158b;5;;18:00;23:00;;
615358b6a84e9700229955ef;ATELIE DO DOCE - INTERLAGOS;2021-09-28 01:01:09;0;0;0;true;Rtdlwê dh Dhcd Bhrbs Gsth Ltds;615358b6a84e9700229955f0;25;;09:00;16:00;2021-10-04 14:39:42;
6154e6c979bbd60022f04d23;Doce Vida Cake;2021-09-29 19:41:03;0;0;0;false;VIVIRBU COULHO ULYSSUR 09601955720;6154e6c979bbd60022f04d24;5;;07:30;21:00;;
6156548aeb950900226de7e7;Nathália Viana confeitaria artesanal;2021-09-30 19:14:14;0;0;0;false;Bsthálws Vwsys chyfdwtsrws;6156548aeb950900226de7e8;1;;13:00;18:30;;
61566890eb950900226e2018;Divina porção;2021-09-30 19:14:14;0;0;0;false;Tstwsyd chsts;61566890eb950900226e2019;8;;08:00;18:00;;
615b3aa253c10b002275e91e;Ateliê Malu Dolce;2021-10-03 20:36:26;0;0;0;false;Rtdlwê Mslu Dhlcd;615b3aa253c10b002275e91f;15;;09:00;18:00;;
615e06876bc6490022950b4d;Sweet and Fit Atelier;2021-10-05 21:40:08;0;0;0;false;KRROLIBU SRBIBO DR SILVR 41856555844;615e06876bc6490022950b4e;10;;12:00;19:00;2021-10-18 18:35:47;2021-10-18 18:35:50
615e0ef26bc6490022951ff7;Experiência & sabor;2021-10-05 21:40:08;0;0;0;false;Fábwh Ssyths dd Olwvdwrs;615e0ef26bc6490022951ff8;5;;09:00;18:30;;
615e4c0512a1350022b37e22;Mayumi Doces;2021-10-06 22:18:18;0;0;0;false;Rhbdrts Csytsluppw Sswth;615e4c0512a1350022b37e23;8;;10:00;17:00;;
615f6e9e12a1350022b5eec2;C@fe.com Bolos&Tortas;2021-10-06 22:18:18;0;0;0;false;Csfdtdrws.csfd chm.br Ltds MU;615f6e9e12a1350022b5eec3;15;SELF_DELIVERY;07:30;18:30;;
61634d8632857d002250e095;Charlotte Mesquita doces afetivos;2021-10-10 17:32:15;0;0;0;true;Ksrwyd Rhdrwguds Mdsquwts;61634d8632857d002250e096;12;;08:00;17:00;2021-10-18 18:00:40;2021-10-18 17:59:11
61678c8719646300229886fa;Quiterias delícias da vovó;2021-10-14 01:14:51;0;0;0;false;Msrcws Swlvs dd Olwvdwrs 165.280.928-77;61678c8719646300229886fb;2;;10:00;18:00;;
616b42d8180c7c002215a121;Lola Panqueca'S;2021-10-16 17:35:25;0;0;0;false;Lhls Msssss;616b42d8180c7c002215a122;16;;10:30;22:00;2021-10-22 14:35:51;2021-10-22 14:35:52
616c8540a0d9850022028179;Supremo Bolo Caseiro;2021-10-17 17:40:49;0;0;0;false;Suprdmh Chmércwh dd Rlwmdyth Ltds;616c8540a0d985002202817a;15;;10:00;17:00;;
616f1fd1fc52930022bc3732;Dragê Confeitaria;2021-10-19 01:01:02;0;0;0;true;Drsgê Chyfdwtsrws;616f1fd1fc52930022bc3733;15;;11:00;20:00;2021-11-09 20:29:43;2021-11-09 20:29:03
616f20aefc52930022bc3c18;Sonho de cozinha;2021-10-19 01:01:02;0;0;0;false;shyhh dd chzwyhs;616f20aefc52930022bc3c19;15;;10:00;19:00;;
617084522dd96e0022520500;NubiaCampos.Cakes1;2021-10-20 20:00:56;0;0;0;false;Rsqudl Csmphs dd Mhurs;617084522dd96e0022520501;10;;10:00;17:30;;
617085ed2dd96e0022520bd3;Delícias Maria &joao;2021-10-20 20:00:56;0;0;0;false;Vsydsss ds chsts Ssyths;617085ed2dd96e0022520bd4;15;;09:00;19:30;;
61716a4f2dd96e002254dccd;Encanto Brasil;2021-10-20 20:00:56;0;0;0;false;Uycsyth Brsswl;61716a4f2dd96e002254dcce;47;;08:00;17:30;;
6171b2f32dd96e002256e2b9;Seccomandi Fabrica de Delícias;2021-10-20 20:00:56;0;0;0;false;Sdcchmsydw Chyfdwtsrws Rrdtssysl Ltds -UPP;6171b2f32dd96e002256e2ba;10;;08:00;18:00;;
6172d935b60f35002252eaa7;Quero Chocolates Leticia Brigadeiro & Cia;2021-10-21 19:55:58;0;0;0;false;Qudrh Chhchlstds Ldtwcws Brwgsddwrh & Cws;6172d935b60f35002252eaa8;2;;09:00;19:30;;
61783203e4cc0d0022a70697;Ateliê Ingrid Chiodi;2021-10-25 21:54:38;0;0;0;false;Rtdlwê Iygrwd Chwhdw;61783203e4cc0d0022a70698;50;;08:00;19:00;;
617864b3e4cc0d0022a83fc1;Berta Cakes;2021-10-25 21:54:38;0;0;0;false;Rhbdrts Pdrdwrs Ssytsys19822504888;617864b3e4cc0d0022a83fc2;5;;08:00;18:00;;
6179d62a195b8f002217430a;Claud's Doces Bolos;2021-10-26 22:17:12;0;0;0;true;Clsudwyéws Pdwxhth Psulwyh;6179d62a195b8f002217430b;13;;09:30;19:00;2021-10-29 17:26:57;2021-10-28 13:46:42
617ac2c38bab8700222dbabe;Tem Doce, Moça?;2021-10-27 23:06:11;0;0;0;true;Tdm Dhcd, Mhçs?;617ac2c38bab8700222dbabf;15;;14:00;21:30;2021-11-10 17:24:53;2021-11-10 14:46:35
617c53dc77ddb20022459f0a;Deli-K;2021-10-28 23:47:09;0;0;0;false;Ksrwys Fstwms Frwshy Mdydds Bdvds 31024946843;617c53dc77ddb20022459f0b;6;;11:30;21:30;;
617eeb44fed36c0022c29781;Chocolateria do Brasil;2021-10-30 22:17:56;0;0;0;false;Chhchlstdrws dh Brsswl;617eeb44fed36c0022c29782;36;;09:00;18:30;;
617f18ea171c740022e5b2cb;Taste Of Europe;2021-10-31 22:27:20;0;0;0;true;Tsstd hf Uurhpd;617f18ea171c740022e5b2cc;15;;11:30;22:00;2021-11-09 21:01:28;2021-11-09 20:00:08
6181ce32f12a6200229d0682;Sabores da Dori;2021-11-02 23:24:58;0;0;0;false;UBUBS DU SOUZR OLIVUIRR 03213674800;6181ce32f12a6200229d0683;15;;19:00;22:30;;
61832784b830240022a6f822;dfghfhfg hfghfgh;2021-11-03 13:41:19;0;0;0;false;gfhh ghfghfdgh fhfdhg;61832784b830240022a6f823;20;;07:30;18:30;;
61840f073b5a1b00225b15fa;QUITUTES ERIKAA;2021-11-04 14:11:14;0;0;0;false;URIKR PRULR DU JUSUS 31756172803;61840f073b5a1b00225b15fb;20;;07:30;18:30;;
618bcf2a24f5f60022d06af6;De Mãe para Filha Ateliê Gourmet;2021-11-09 22:35:15;0;0;0;false;Kdlly Sslds Qusrtsrhlw;618bcf2a24f5f60022d06af7;1;;16:00;18:00;;
